{"lowlevel.dissonance.mean": [-0.026932477951049805], "sfx.inharmonicity.mean": [0.32110244035720825], "lowlevel.spectral_contrast.mean": [[0.47025418281555176, 0.7615318298339844, 0.5297666788101196, 0.3664851188659668, 0.33539295196533203, 0.36262083053588867]], "lowlevel.spectral_centroid.mean": [0.34498435258865356], "lowlevel.mfcc.mean": [[0.19371449947357178, 0.4655204117298126, 0.6215071678161621, 0.33657050132751465, 0.2553376853466034, 0.16105127334594727, 0.21608352661132812, 0.15224775671958923, 0.30197107791900635, 0.45377838611602783, 0.5107907056808472, 0.5762993097305298, 0.6546650528907776]], "sfx.logattacktime.mean": [0.2526536285877228], "lowlevel.hfc.mean": [0.46550291776657104]}