{"lowlevel.dissonance.mean": [0.7000216245651245], "sfx.inharmonicity.mean": [0.7595006227493286], "lowlevel.spectral_contrast.mean": [[0.2721446752548218, 0.3542952537536621, 0.3110482692718506, 0.9384602308273315, 0.7697968482971191, 0.830573558807373]], "lowlevel.spectral_centroid.mean": [0.7070003151893616], "lowlevel.mfcc.mean": [[0.48710715770721436, -0.10376417636871338, 0.0515097975730896, 0.6155292987823486, 0.7034966349601746, 0.6765391826629639, 0.26380789279937744, 0.5578071475028992, 0.6429072618484497, 1.1775718927383423, 0.7617407441139221, 0.35368165373802185, 0.22075960040092468]], "sfx.logattacktime.mean": [0.24297872185707092], "lowlevel.hfc.mean": [0.4727931618690491]}