{"lowlevel.dissonance.mean": [0.36521613597869873], "sfx.inharmonicity.mean": [0.489352285861969], "lowlevel.spectral_contrast.mean": [[0.17016935348510742, 0.22813928127288818, 0.13539719581604004, 0.13292860984802246, 0.09076619148254395, 0.10712647438049316]], "lowlevel.spectral_centroid.mean": [0.7596715688705444], "lowlevel.mfcc.mean": [[0.0747382640838623, 0.23998679220676422, 0.5949131846427917, 0.5406081080436707, 0.6072469353675842, 0.5345960855484009, 0.5169280171394348, 0.44319212436676025, 0.449187308549881, 0.42603692412376404, 0.483868807554245, 0.5152783393859863, 0.5904706716537476]], "sfx.logattacktime.mean": [0.134259432554245], "lowlevel.hfc.mean": [0.46507206559181213]}