{"lowlevel.dissonance.mean": [0.5108156204223633], "sfx.inharmonicity.mean": [0.6228451132774353], "lowlevel.spectral_contrast.mean": [[0.262689471244812, 0.19646954536437988, 1.3233096599578857, 0.6948376893997192, 1.3264389038085938, 0.5191092491149902]], "lowlevel.spectral_centroid.mean": [0.4800631105899811], "lowlevel.mfcc.mean": [[0.29227113723754883, 0.11011487245559692, 0.015130966901779175, 0.12780988216400146, 0.5887042284011841, 0.7931406497955322, 0.8389627933502197, 0.9932878017425537, 0.5803598761558533, -0.392757773399353, -0.3014432191848755, 1.1167590618133545, 2.013174533843994]], "sfx.logattacktime.mean": [0.2748936712741852], "lowlevel.hfc.mean": [0.48620474338531494]}