{"lowlevel.dissonance.mean": [0.1840735673904419], "sfx.inharmonicity.mean": [0.41914620995521545], "lowlevel.spectral_contrast.mean": [[0.2622002363204956, 0.4050360918045044, 1.2644741535186768, 0.7208395004272461, 0.8118133544921875, 0.3733243942260742]], "lowlevel.spectral_centroid.mean": [0.3841845989227295], "lowlevel.mfcc.mean": [[0.3009377717971802, 0.3187318444252014, -0.008019059896469116, 0.02109891176223755, 0.27684876322746277, 0.20629578828811646, 0.34768807888031006, 0.8794879913330078, 1.304975152015686, 0.693681001663208, 0.18085196614265442, 0.15476718544960022, -0.0065038204193115234]], "sfx.logattacktime.mean": [0.3397510349750519], "lowlevel.hfc.mean": [0.46710965037345886]}