{"lowlevel.dissonance.mean": [0.5962808132171631], "sfx.inharmonicity.mean": [0.5862072706222534], "lowlevel.spectral_contrast.mean": [[0.24683451652526855, 1.1096301078796387, 1.1165193319320679, 0.8149014711380005, 0.7501647472381592, 0.9116747379302979]], "lowlevel.spectral_centroid.mean": [0.5527946949005127], "lowlevel.mfcc.mean": [[0.6498335599899292, -0.024965673685073853, -0.18447014689445496, 0.28455594182014465, 0.3312005400657654, 0.4933064877986908, 0.24154958128929138, 0.6338100433349609, 0.8426753282546997, 1.3573905229568481, 1.322066307067871, 0.9296472668647766, 0.28195255994796753]], "sfx.logattacktime.mean": [0.2910870313644409], "lowlevel.hfc.mean": [0.5010917782783508]}