{"lowlevel.dissonance.mean": [0.18332457542419434], "sfx.inharmonicity.mean": [0.49168533086776733], "lowlevel.spectral_contrast.mean": [[0.1775599718093872, 0.177054762840271, 1.4715921878814697, 1.3417531251907349, 1.0313085317611694, 0.5870809555053711]], "lowlevel.spectral_centroid.mean": [0.4285035729408264], "lowlevel.mfcc.mean": [[0.3473856449127197, 0.22725501656532288, -0.07168188691139221, 0.10216045379638672, 0.23836345970630646, 0.58955979347229, 0.6155645251274109, 0.7932974100112915, 1.0805013179779053, 0.6924844980239868, 0.3549155592918396, -0.3153247833251953, -0.702897310256958]], "sfx.logattacktime.mean": [0.4828152060508728], "lowlevel.hfc.mean": [0.48303329944610596]}