{"lowlevel.dissonance.mean": [0.6819413900375366], "sfx.inharmonicity.mean": [1.4067436456680298], "lowlevel.spectral_contrast.mean": [[0.31020379066467285, 0.36165904998779297, 0.4138612747192383, 0.9619253873825073, 0.828230619430542, 0.8528172969818115]], "lowlevel.spectral_centroid.mean": [0.6737083196640015], "lowlevel.mfcc.mean": [[0.5014342069625854, -0.11557170748710632, -0.030915409326553345, 0.7282910943031311, 0.8048146963119507, 0.6382046937942505, 0.17645087838172913, 0.6732733249664307, 0.8046731352806091, 0.95986008644104, 0.9917364120483398, 0.3388354182243347, 0.3725701570510864]], "sfx.logattacktime.mean": [0.24218395352363586], "lowlevel.hfc.mean": [0.4714818596839905]}