{"lowlevel.dissonance.mean": [0.729358434677124], "sfx.inharmonicity.mean": [1.1035130023956299], "lowlevel.spectral_contrast.mean": [[0.5914778709411621, 0.5022916793823242, 0.6000862121582031, 0.615863561630249, 0.7118334770202637, 1.0694913864135742]], "lowlevel.spectral_centroid.mean": [0.5400242805480957], "lowlevel.mfcc.mean": [[0.6497999429702759, 0.38328462839126587, -0.14484432339668274, 0.6307129859924316, 0.397045761346817, 0.6030437350273132, 0.8447307348251343, 0.7202814221382141, 0.5607120394706726, 0.7276747822761536, 0.6709471344947815, 0.5001716017723083, 0.28254419565200806]], "sfx.logattacktime.mean": [0.2985858619213104], "lowlevel.hfc.mean": [0.4853026568889618]}