{"lowlevel.dissonance.mean": [0.6686248779296875], "sfx.inharmonicity.mean": [1.007948875427246], "lowlevel.spectral_contrast.mean": [[0.5644639730453491, 0.7136460542678833, 0.5427709817886353, 0.7766093015670776, 0.6752736568450928, 1.1178169250488281]], "lowlevel.spectral_centroid.mean": [0.5493779182434082], "lowlevel.mfcc.mean": [[0.6683987379074097, 0.33583223819732666, -0.22297987341880798, 0.47897815704345703, 0.2654087543487549, 0.6843491196632385, 0.803011417388916, 0.7369153499603271, 0.5362096428871155, 0.8143918514251709, 0.9742757081985474, 0.8934038877487183, 0.6063488125801086]], "sfx.logattacktime.mean": [0.2914641499519348], "lowlevel.hfc.mean": [0.4946919083595276]}