{"lowlevel.dissonance.mean": [0.5422532558441162], "sfx.inharmonicity.mean": [0.5436016321182251], "lowlevel.spectral_contrast.mean": [[0.128759503364563, 0.2296772003173828, 1.299612045288086, 1.0927269458770752, 0.9293053150177002, 0.7049932479858398]], "lowlevel.spectral_centroid.mean": [0.466294527053833], "lowlevel.mfcc.mean": [[0.3792341947555542, 0.08117906749248505, -0.1972092092037201, 0.26099878549575806, 0.22290214896202087, 0.5804438591003418, 0.7992597818374634, 0.9451674222946167, 0.7985098361968994, 0.5054720640182495, -0.14022332429885864, -0.45392340421676636, 0.3253635764122009]], "sfx.logattacktime.mean": [0.4948689043521881], "lowlevel.hfc.mean": [0.4794474244117737]}