{"lowlevel.dissonance.mean": [-0.17416083812713623], "sfx.inharmonicity.mean": [0.22022563219070435], "lowlevel.spectral_contrast.mean": [[0.10246896743774414, 0.24623644351959229, 0.07103800773620605, 0.09293532371520996, 0.2467038631439209, 0.15520787239074707]], "lowlevel.spectral_centroid.mean": [0.8932870626449585], "lowlevel.mfcc.mean": [[0.2948356866836548, 0.29203861951828003, 0.3846263885498047, 0.2393413931131363, 0.5383620262145996, 0.5210297703742981, 0.4637199938297272, 0.49390774965286255, 0.5879446268081665, 0.45772266387939453, 0.44758355617523193, 0.23261889815330505, 0.4456595480442047]], "sfx.logattacktime.mean": [-0.033003151416778564], "lowlevel.hfc.mean": [0.46549469232559204]}