{"lowlevel.dissonance.mean": [0.31210386753082275], "sfx.inharmonicity.mean": [0.6724095344543457], "lowlevel.spectral_contrast.mean": [[0.21673047542572021, 0.19493496417999268, 1.4273831844329834, 1.3860843181610107, 0.8812305927276611, 0.5720386505126953]], "lowlevel.spectral_centroid.mean": [0.4554941952228546], "lowlevel.mfcc.mean": [[0.3297208547592163, 0.17394551634788513, -0.04758748412132263, 0.030357003211975098, 0.2714892029762268, 0.6467325687408447, 0.7617447376251221, 1.0157215595245361, 1.0135493278503418, 0.8942896723747253, -0.2412390112876892, -0.8804340362548828, 0.13827991485595703]], "sfx.logattacktime.mean": [0.33579021692276], "lowlevel.hfc.mean": [0.48997893929481506]}