{"lowlevel.dissonance.mean": [0.7046488523483276], "sfx.inharmonicity.mean": [0.592667818069458], "lowlevel.spectral_contrast.mean": [[0.4609259366989136, 0.36106395721435547, 0.31917428970336914, 0.3674163818359375, 0.4869701862335205, 0.6624951362609863]], "lowlevel.spectral_centroid.mean": [0.5107905268669128], "lowlevel.mfcc.mean": [[0.5925289392471313, 0.33401238918304443, 0.5004745125770569, 0.96994549036026, 0.6087406277656555, 0.6660882830619812, 0.603959321975708, 0.595508873462677, 0.49954116344451904, 0.4854922890663147, 0.4374812841415405, 0.37875476479530334, 0.3343498706817627]], "sfx.logattacktime.mean": [0.5226425528526306], "lowlevel.hfc.mean": [0.4973430633544922]}