{"lowlevel.dissonance.mean": [0.6233094930648804], "sfx.inharmonicity.mean": [0.5043784379959106], "lowlevel.spectral_contrast.mean": [[0.1737227439880371, 1.0371086597442627, 1.3260629177093506, 1.1569418907165527, 1.2155174016952515, 1.0594658851623535]], "lowlevel.spectral_centroid.mean": [0.5951558351516724], "lowlevel.mfcc.mean": [[0.6428968906402588, -0.2307869791984558, -0.08853039145469666, 0.19734086096286774, 0.07375556230545044, 0.2619319558143616, 0.5035660266876221, 0.46543189883232117, 0.39253515005111694, 0.8020784854888916, 0.989422619342804, 1.0129456520080566, 1.2575223445892334]], "sfx.logattacktime.mean": [0.5003511309623718], "lowlevel.hfc.mean": [0.5284622311592102]}