{"lowlevel.dissonance.mean": [0.02941000461578369], "sfx.inharmonicity.mean": [0.6581540107727051], "lowlevel.spectral_contrast.mean": [[0.6425336599349976, 1.431772232055664, 1.4227187633514404, 1.1891297101974487, 0.9515702724456787, 0.5793807506561279]], "lowlevel.spectral_centroid.mean": [0.35653263330459595], "lowlevel.mfcc.mean": [[0.7287752628326416, 0.7035778760910034, 0.26115426421165466, 0.1683783084154129, 0.10999804735183716, -0.1303693652153015, 0.05955645442008972, 0.1253596842288971, 0.4201008975505829, 0.5589846968650818, 0.4051707983016968, 0.2514995336532593, 0.44079795479774475]], "sfx.logattacktime.mean": [0.4891272783279419], "lowlevel.hfc.mean": [0.4896225929260254]}