{"lowlevel.dissonance.mean": [0.17917382717132568], "sfx.inharmonicity.mean": [0.4174255430698395], "lowlevel.spectral_contrast.mean": [[0.2612771987915039, 0.41439247131347656, 1.3765708208084106, 0.888961672782898, 0.9578649997711182, 0.4537234306335449]], "lowlevel.spectral_centroid.mean": [0.41410836577415466], "lowlevel.mfcc.mean": [[0.3020581007003784, 0.32102686166763306, -0.06383749842643738, -0.0038274824619293213, 0.3543054461479187, 0.3733201324939728, 0.40667301416397095, 0.8151379823684692, 1.283881664276123, 0.6654584407806396, 0.08246353268623352, 0.32780998945236206, 0.25068697333335876]], "sfx.logattacktime.mean": [0.2521922290325165], "lowlevel.hfc.mean": [0.46679621934890747]}