{"lowlevel.dissonance.mean": [0.6722104549407959], "sfx.inharmonicity.mean": [0.36561453342437744], "lowlevel.spectral_contrast.mean": [[0.4761326313018799, 0.3675442934036255, 0.33660316467285156, 0.3202040195465088, 0.35442638397216797, 0.5759103298187256]], "lowlevel.spectral_centroid.mean": [0.41680169105529785], "lowlevel.mfcc.mean": [[0.5178292989730835, 0.41147181391716003, 0.5247421860694885, 0.7608616352081299, 0.483097642660141, 0.45694273710250854, 0.4241750240325928, 0.4523945152759552, 0.4424803853034973, 0.43939337134361267, 0.4695173501968384, 0.47261661291122437, 0.41745972633361816]], "sfx.logattacktime.mean": [0.11310383677482605], "lowlevel.hfc.mean": [0.4709075093269348]}