{"lowlevel.dissonance.mean": [0.6640759706497192], "sfx.inharmonicity.mean": [0.2645586133003235], "lowlevel.spectral_contrast.mean": [[0.367428183555603, 0.3693293333053589, 0.2995924949645996, 0.291304349899292, 0.29686975479125977, 0.4373807907104492]], "lowlevel.spectral_centroid.mean": [0.39937135577201843], "lowlevel.mfcc.mean": [[0.39561939239501953, 0.3577888011932373, 0.5625747442245483, 0.6229503750801086, 0.46846193075180054, 0.45282307267189026, 0.4163261651992798, 0.3853236734867096, 0.3612898588180542, 0.3263331651687622, 0.38377484679222107, 0.3574677109718323, 0.36458659172058105]], "sfx.logattacktime.mean": [0.11546173691749573], "lowlevel.hfc.mean": [0.46989697217941284]}