{"lowlevel.dissonance.mean": [0.5489397048950195], "sfx.inharmonicity.mean": [0.8914542198181152], "lowlevel.spectral_contrast.mean": [[0.9937201142311096, 0.36225712299346924, 0.4012523889541626, 0.41546106338500977, 0.49335575103759766, 0.5725369453430176]], "lowlevel.spectral_centroid.mean": [0.8405715227127075], "lowlevel.mfcc.mean": [[0.7094849348068237, -0.19806426763534546, 0.5337520241737366, 0.6004669070243835, 0.5330656170845032, 0.43988946080207825, 0.16764485836029053, 0.04437440633773804, -0.10184645652770996, -0.15610027313232422, -0.26607805490493774, -0.32326894998550415, -0.21624141931533813]], "sfx.logattacktime.mean": [0.1728287637233734], "lowlevel.hfc.mean": [0.5306392908096313]}