{"lowlevel.dissonance.mean": [0.5999660491943359], "sfx.inharmonicity.mean": [0.7607890367507935], "lowlevel.spectral_contrast.mean": [[0.23427283763885498, 1.1409797668457031, 1.053370475769043, 0.7576552629470825, 0.8137726783752441, 0.8584485054016113]], "lowlevel.spectral_centroid.mean": [0.5696893930435181], "lowlevel.mfcc.mean": [[0.6837691068649292, -0.04022134840488434, -0.17245915532112122, 0.24471360445022583, 0.2867294251918793, 0.42582759261131287, 0.29876795411109924, 0.7930028438568115, 0.6684059500694275, 1.309387445449829, 1.457756519317627, 0.8951270580291748, 0.34383898973464966]], "sfx.logattacktime.mean": [0.2843661308288574], "lowlevel.hfc.mean": [0.5005178451538086]}