{"lowlevel.dissonance.mean": [0.5875651836395264], "sfx.inharmonicity.mean": [0.47733578085899353], "lowlevel.spectral_contrast.mean": [[0.31705009937286377, 0.5937399864196777, 0.6235740184783936, 1.191987156867981, 0.5805480480194092, 0.4784250259399414]], "lowlevel.spectral_centroid.mean": [0.4597170948982239], "lowlevel.mfcc.mean": [[0.2901545763015747, 0.2062779664993286, 0.022536754608154297, 0.13022837042808533, 0.586758553981781, 0.7310695648193359, 0.34245777130126953, 0.18236756324768066, 0.42956626415252686, 0.8424825072288513, 1.144132375717163, 0.7536063194274902, 0.35459306836128235]], "sfx.logattacktime.mean": [0.5065916776657104], "lowlevel.hfc.mean": [0.4690553545951843]}