{"lowlevel.dissonance.mean": [0.08165478706359863], "sfx.inharmonicity.mean": [0.25698021054267883], "lowlevel.spectral_contrast.mean": [[0.8452068567276001, 1.0244961977005005, 0.7240856885910034, 0.8116611242294312, 0.5018744468688965, 0.3202087879180908]], "lowlevel.spectral_centroid.mean": [0.34254884719848633], "lowlevel.mfcc.mean": [[0.2538716793060303, 0.5001052021980286, 0.36257144808769226, 0.09903737902641296, 0.4614591896533966, 0.2524215579032898, -0.10653281211853027, -0.14055639505386353, 0.014996856451034546, 0.11287853121757507, 0.49798691272735596, 0.7906579971313477, 0.6936870813369751]], "sfx.logattacktime.mean": [0.5893014669418335], "lowlevel.hfc.mean": [0.46514660120010376]}