{"lowlevel.dissonance.mean": [0.7092059850692749], "sfx.inharmonicity.mean": [1.0618793964385986], "lowlevel.spectral_contrast.mean": [[0.35082459449768066, 0.41609811782836914, 0.4294661283493042, 0.7107691764831543, 0.7270543575286865, 0.714561939239502]], "lowlevel.spectral_centroid.mean": [0.6487902402877808], "lowlevel.mfcc.mean": [[0.5161870718002319, 0.23517027497291565, 0.0465431809425354, 0.33471035957336426, 0.22758519649505615, -0.07222896814346313, 0.27506422996520996, 0.2425864189863205, 0.10642501711845398, 0.41163817048072815, 0.3854029178619385, 0.8791119456291199, 0.4745555818080902]], "sfx.logattacktime.mean": [0.21961989998817444], "lowlevel.hfc.mean": [0.4804295003414154]}