{"lowlevel.dissonance.mean": [0.27550458908081055], "sfx.inharmonicity.mean": [0.28116345405578613], "lowlevel.spectral_contrast.mean": [[0.36677873134613037, 0.8247865438461304, 0.894152045249939, 0.6643507480621338, 0.5631630420684814, 0.2828845977783203]], "lowlevel.spectral_centroid.mean": [0.3577367663383484], "lowlevel.mfcc.mean": [[0.23087716102600098, 0.37226590514183044, 0.18124473094940186, 0.059141963720321655, 0.49631112813949585, 0.29035916924476624, 0.157050222158432, 0.45639610290527344, 0.6674442887306213, 0.3171931505203247, 0.22712120413780212, 0.5164454579353333, 0.707808792591095]], "sfx.logattacktime.mean": [0.20461487770080566], "lowlevel.hfc.mean": [0.46539899706840515]}