{"lowlevel.dissonance.mean": [0.6948808431625366], "sfx.inharmonicity.mean": [0.6424946188926697], "lowlevel.spectral_contrast.mean": [[0.3368849754333496, 0.2947404384613037, 0.3142092227935791, 0.319504976272583, 0.381350040435791, 0.5214436054229736]], "lowlevel.spectral_centroid.mean": [0.7178804874420166], "lowlevel.mfcc.mean": [[0.43503737449645996, 0.19125942885875702, 0.5048543214797974, 0.485418438911438, 0.6107962131500244, 0.4690103232860565, 0.6634353399276733, 0.3876885175704956, 0.6307709217071533, 0.44416069984436035, 0.5334399938583374, 0.5756546258926392, 0.4555318355560303]], "sfx.logattacktime.mean": [0.20969387888908386], "lowlevel.hfc.mean": [0.5840640664100647]}