{"lowlevel.dissonance.mean": [0.5486674308776855], "sfx.inharmonicity.mean": [0.4224417209625244], "lowlevel.spectral_contrast.mean": [[0.5628257989883423, 1.2291386127471924, 1.0608075857162476, 1.1849690675735474, 1.0620944499969482, 0.8259947299957275]], "lowlevel.spectral_centroid.mean": [0.5173120498657227], "lowlevel.mfcc.mean": [[0.6912611722946167, 0.11763204634189606, -0.24631020426750183, 0.10271555185317993, 0.006768763065338135, 0.1767234206199646, 0.19221413135528564, 0.22471633553504944, 0.021622449159622192, 0.11471673846244812, 0.14252296090126038, 0.23920203745365143, 0.4499145448207855]], "sfx.logattacktime.mean": [0.4470234513282776], "lowlevel.hfc.mean": [0.4797289967536926]}