{"lowlevel.dissonance.mean": [0.7150559425354004], "sfx.inharmonicity.mean": [1.2123298645019531], "lowlevel.spectral_contrast.mean": [[0.5844265222549438, 0.6434192657470703, 0.5930376052856445, 0.6485393047332764, 0.7530660629272461, 1.1118206977844238]], "lowlevel.spectral_centroid.mean": [0.598829984664917], "lowlevel.mfcc.mean": [[0.7242699861526489, 0.2774508595466614, -0.20205923914909363, 0.598584771156311, 0.24159373342990875, 0.6947031021118164, 0.7098453044891357, 0.8143032789230347, 0.5485564470291138, 0.8413771390914917, 0.867990255355835, 0.5274873971939087, 0.5528672337532043]], "sfx.logattacktime.mean": [0.2864066958427429], "lowlevel.hfc.mean": [0.4915786683559418]}