{"lowlevel.dissonance.mean": [0.6466397047042847], "sfx.inharmonicity.mean": [0.6064928770065308], "lowlevel.spectral_contrast.mean": [[0.3463195562362671, 0.2707993984222412, 0.4526691436767578, 1.191047191619873, 0.6651864051818848, 0.4777050018310547]], "lowlevel.spectral_centroid.mean": [0.45748913288116455], "lowlevel.mfcc.mean": [[0.2773531675338745, 0.15911082923412323, 0.0650225281715393, 0.21885564923286438, 0.67292320728302, 0.8523674607276917, 0.6108155846595764, 0.16858258843421936, 0.19248363375663757, 0.7959165573120117, 1.1689236164093018, 0.396253764629364, -0.25305211544036865]], "sfx.logattacktime.mean": [0.23881995677947998], "lowlevel.hfc.mean": [0.47218775749206543]}