{"lowlevel.dissonance.mean": [0.6088002920150757], "sfx.inharmonicity.mean": [0.44184207916259766], "lowlevel.spectral_contrast.mean": [[0.3758200407028198, 0.42219245433807373, 0.36972761154174805, 0.3371541500091553, 0.35207509994506836, 0.5590882301330566]], "lowlevel.spectral_centroid.mean": [0.45752695202827454], "lowlevel.mfcc.mean": [[0.5199579000473022, 0.3555321991443634, 0.48835837841033936, 0.6743224859237671, 0.4720720648765564, 0.4711327850818634, 0.3758918046951294, 0.35825252532958984, 0.34975969791412354, 0.3360264301300049, 0.34922975301742554, 0.2894331216812134, 0.31653422117233276]], "sfx.logattacktime.mean": [0.1462119221687317], "lowlevel.hfc.mean": [0.47513505816459656]}