{"lowlevel.dissonance.mean": [-0.07314068078994751], "sfx.inharmonicity.mean": [0.3555123805999756], "lowlevel.spectral_contrast.mean": [[0.5494872331619263, 0.8352738618850708, 0.7165586948394775, 0.4228534698486328, 0.29790306091308594, 0.22030234336853027]], "lowlevel.spectral_centroid.mean": [0.33840614557266235], "lowlevel.mfcc.mean": [[0.20529460906982422, 0.5078220367431641, 0.6377756595611572, 0.23340021073818207, 0.10869771242141724, -0.013366281986236572, 0.015752971172332764, 0.120038241147995, 0.3841148614883423, 0.4993874430656433, 0.4558993875980377, 0.3119310736656189, 0.319354772567749]], "sfx.logattacktime.mean": [0.25255128741264343], "lowlevel.hfc.mean": [0.46650809049606323]}