{"lowlevel.dissonance.mean": [0.7079453468322754], "sfx.inharmonicity.mean": [1.546970248222351], "lowlevel.spectral_contrast.mean": [[0.26615428924560547, 0.34557509422302246, 0.44365429878234863, 1.0054631233215332, 0.8759264945983887, 0.8376994132995605]], "lowlevel.spectral_centroid.mean": [0.668208122253418], "lowlevel.mfcc.mean": [[0.4941704273223877, -0.11233428120613098, -0.053190797567367554, 0.6960470080375671, 0.7581243515014648, 0.5610268115997314, 0.20999878644943237, 0.5770350098609924, 0.8497729301452637, 0.9208693504333496, 0.7480189800262451, 0.3564999997615814, 0.476981520652771]], "sfx.logattacktime.mean": [0.24750670790672302], "lowlevel.hfc.mean": [0.4719184935092926]}