{"lowlevel.dissonance.mean": [0.32130324840545654], "sfx.inharmonicity.mean": [0.676863431930542], "lowlevel.spectral_contrast.mean": [[0.13527774810791016, 0.8168905973434448, 0.9902676343917847, 1.1551387310028076, 0.7567126750946045, 0.7462027072906494]], "lowlevel.spectral_centroid.mean": [0.511191189289093], "lowlevel.mfcc.mean": [[0.427648663520813, 0.47927922010421753, -0.04770234227180481, -0.16808950901031494, 0.16489958763122559, 0.791783332824707, 0.6517319679260254, 0.2322492003440857, 0.15612751245498657, 0.1356465220451355, 0.3035755157470703, 0.32087159156799316, 0.3289082646369934]], "sfx.logattacktime.mean": [0.4404940605163574], "lowlevel.hfc.mean": [0.472821444272995]}