{"lowlevel.dissonance.mean": [0.36831533908843994], "sfx.inharmonicity.mean": [0.32513144612312317], "lowlevel.spectral_contrast.mean": [[0.3116804361343384, 0.7469810247421265, 0.881332516670227, 0.6233243942260742, 0.544849157333374, 0.2902865409851074]], "lowlevel.spectral_centroid.mean": [0.36238640546798706], "lowlevel.mfcc.mean": [[0.23645734786987305, 0.3600623905658722, 0.16511055827140808, 0.09639754891395569, 0.42342621088027954, 0.2330971658229828, 0.20445197820663452, 0.4892295300960541, 0.7087875008583069, 0.3465975224971771, 0.14839226007461548, 0.48627570271492004, 0.7741376161575317]], "sfx.logattacktime.mean": [0.4131043553352356], "lowlevel.hfc.mean": [0.4655627906322479]}