{"lowlevel.dissonance.mean": [0.5955328941345215], "sfx.inharmonicity.mean": [0.2929522395133972], "lowlevel.spectral_contrast.mean": [[0.3739893436431885, 0.3497018814086914, 0.20812511444091797, 0.24870800971984863, 0.23697185516357422, 0.2733886241912842]], "lowlevel.spectral_centroid.mean": [0.7015535831451416], "lowlevel.mfcc.mean": [[0.23085057735443115, 0.19504570960998535, 0.5497252345085144, 0.5285016894340515, 0.5677999258041382, 0.45497116446495056, 0.43023720383644104, 0.3513398766517639, 0.3146376609802246, 0.26303163170814514, 0.2618688941001892, 0.2894206643104553, 0.34349095821380615]], "sfx.logattacktime.mean": [0.10682857036590576], "lowlevel.hfc.mean": [0.46756792068481445]}