{"lowlevel.dissonance.mean": [0.6086767911911011], "sfx.inharmonicity.mean": [0.4510018825531006], "lowlevel.spectral_contrast.mean": [[0.15013408660888672, 0.9989396333694458, 1.0965372323989868, 1.318205714225769, 1.268977403640747, 1.0389728546142578]], "lowlevel.spectral_centroid.mean": [0.5940930843353271], "lowlevel.mfcc.mean": [[0.7083903551101685, -0.11135286092758179, -0.15864458680152893, 0.13376909494400024, 0.0842771828174591, 0.17338240146636963, 0.27206557989120483, 0.1697337031364441, 0.08252644538879395, 0.26732534170150757, 0.37350842356681824, 0.5775409936904907, 0.9836529493331909]], "sfx.logattacktime.mean": [0.5103130340576172], "lowlevel.hfc.mean": [0.5166175961494446]}