{"lowlevel.dissonance.mean": [0.6981310844421387], "sfx.inharmonicity.mean": [0.9480479955673218], "lowlevel.spectral_contrast.mean": [[0.5958480834960938, 0.5238751173019409, 0.5791511535644531, 0.664207935333252, 0.717327356338501, 1.0776679515838623]], "lowlevel.spectral_centroid.mean": [0.5754125118255615], "lowlevel.mfcc.mean": [[0.6468743085861206, 0.2910407483577728, -0.22844722867012024, 0.511824369430542, 0.24499115347862244, 0.5578306913375854, 0.7208163142204285, 0.8887311220169067, 0.6800971031188965, 0.8732364177703857, 0.7854527235031128, 0.6721339225769043, 0.7759377956390381]], "sfx.logattacktime.mean": [0.3179079294204712], "lowlevel.hfc.mean": [0.4899892508983612]}