{"lowlevel.dissonance.mean": [0.5836007595062256], "sfx.inharmonicity.mean": [0.4229990839958191], "lowlevel.spectral_contrast.mean": [[0.4341017007827759, 0.39790284633636475, 0.3243422508239746, 0.31058168411254883, 0.30745792388916016, 0.4714534282684326]], "lowlevel.spectral_centroid.mean": [0.3964647948741913], "lowlevel.mfcc.mean": [[0.4003417491912842, 0.34950190782546997, 0.5337542295455933, 0.620172917842865, 0.5138483047485352, 0.5031265020370483, 0.3718995451927185, 0.2823711037635803, 0.2735728323459625, 0.2553689479827881, 0.260368287563324, 0.2196398675441742, 0.301384836435318]], "sfx.logattacktime.mean": [0.09861594438552856], "lowlevel.hfc.mean": [0.4698120355606079]}