{"lowlevel.dissonance.mean": [0.07560062408447266], "sfx.inharmonicity.mean": [0.34538018703460693], "lowlevel.spectral_contrast.mean": [[0.3069087266921997, 0.9407823085784912, 0.956299901008606, 0.8950695991516113, 0.629997730255127, 0.47474169731140137]], "lowlevel.spectral_centroid.mean": [0.39482197165489197], "lowlevel.mfcc.mean": [[0.2451467514038086, 0.39512205123901367, 0.2721279263496399, 0.033633530139923096, 0.2673521935939789, 0.17921078205108643, 0.24841243028640747, 0.4024578034877777, 0.46264058351516724, 0.5430975556373596, 0.7397022247314453, 1.1677745580673218, 1.0625336170196533]], "sfx.logattacktime.mean": [0.287411093711853], "lowlevel.hfc.mean": [0.4666963219642639]}