{"lowlevel.dissonance.mean": [0.23264050483703613], "sfx.inharmonicity.mean": [0.3117862343788147], "lowlevel.spectral_contrast.mean": [[0.31362175941467285, 0.8998719453811646, 0.8980913162231445, 0.6107573509216309, 0.49909138679504395, 0.3152468204498291]], "lowlevel.spectral_centroid.mean": [0.3535311818122864], "lowlevel.mfcc.mean": [[0.23973619937896729, 0.39355674386024475, 0.18947124481201172, 0.04284307360649109, 0.4055486023426056, 0.21158577501773834, 0.1343173086643219, 0.42707952857017517, 0.6396273374557495, 0.35253047943115234, 0.27600187063217163, 0.5041710138320923, 0.743979275226593]], "sfx.logattacktime.mean": [0.4732021987438202], "lowlevel.hfc.mean": [0.46531668305397034]}