{"lowlevel.dissonance.mean": [-0.35574471950531006], "sfx.inharmonicity.mean": [0.1895284205675125], "lowlevel.spectral_contrast.mean": [[0.19063639640808105, 0.27143752574920654, 0.28063464164733887, 0.1655292510986328, 0.1597895622253418, 0.12625384330749512]], "lowlevel.spectral_centroid.mean": [0.8476948738098145], "lowlevel.mfcc.mean": [[0.39998841285705566, 0.41471830010414124, 0.3774736821651459, 0.29809319972991943, 0.42430710792541504, 0.26205974817276, 0.4618462920188904, 0.5207524299621582, 0.6280668377876282, 0.7533546686172485, 0.4958990514278412, 0.22735348343849182, 0.4942210912704468]], "sfx.logattacktime.mean": [0.06939771771430969], "lowlevel.hfc.mean": [0.4655765891075134]}