{"lowlevel.dissonance.mean": [0.5867892503738403], "sfx.inharmonicity.mean": [1.2159847021102905], "lowlevel.spectral_contrast.mean": [[0.27414369583129883, 0.9959021806716919, 1.1299172639846802, 0.8011707067489624, 0.8232173919677734, 0.8783056735992432]], "lowlevel.spectral_centroid.mean": [0.5637991428375244], "lowlevel.mfcc.mean": [[0.6234997510910034, 0.03148667514324188, -0.17500880360603333, 0.2714862823486328, 0.3553239107131958, 0.45858457684516907, 0.42762190103530884, 0.938608705997467, 0.7983667850494385, 1.077080488204956, 1.1998786926269531, 0.7034621834754944, 0.4530133903026581]], "sfx.logattacktime.mean": [0.2312089204788208], "lowlevel.hfc.mean": [0.48706454038619995]}