{"lowlevel.dissonance.mean": [0.7179819345474243], "sfx.inharmonicity.mean": [1.0120216608047485], "lowlevel.spectral_contrast.mean": [[0.5921881198883057, 0.42627787590026855, 0.4881221055984497, 0.5727903842926025, 0.6207945346832275, 0.68359375]], "lowlevel.spectral_centroid.mean": [0.5880528092384338], "lowlevel.mfcc.mean": [[0.6533042192459106, 0.17838387191295624, 0.1227383017539978, 0.48706039786338806, 0.4288121461868286, 0.646024763584137, 0.5081759095191956, 0.4896342158317566, 0.21658673882484436, 0.6575156450271606, 0.7384593486785889, 0.512664794921875, 0.4301712214946747]], "sfx.logattacktime.mean": [0.2534177899360657], "lowlevel.hfc.mean": [0.46938586235046387]}