{"lowlevel.dissonance.mean": [0.6137969493865967], "sfx.inharmonicity.mean": [0.4302869439125061], "lowlevel.spectral_contrast.mean": [[0.36640167236328125, 0.38545846939086914, 0.31708621978759766, 0.29259610176086426, 0.30487847328186035, 0.4779829978942871]], "lowlevel.spectral_centroid.mean": [0.44721299409866333], "lowlevel.mfcc.mean": [[0.38763701915740967, 0.3255440294742584, 0.522296667098999, 0.6434369087219238, 0.5127021074295044, 0.48957502841949463, 0.40938133001327515, 0.3687015771865845, 0.35761338472366333, 0.33513763546943665, 0.35301804542541504, 0.31955134868621826, 0.34966617822647095]], "sfx.logattacktime.mean": [0.1462119221687317], "lowlevel.hfc.mean": [0.4715062081813812]}