{"lowlevel.dissonance.mean": [0.4682328701019287], "sfx.inharmonicity.mean": [0.43237805366516113], "lowlevel.spectral_contrast.mean": [[0.3047083616256714, 0.9981452226638794, 0.9588265419006348, 1.1625300645828247, 0.867687463760376, 0.47954607009887695]], "lowlevel.spectral_centroid.mean": [0.45563066005706787], "lowlevel.mfcc.mean": [[0.3103219270706177, 0.3121514618396759, -0.06973525881767273, 0.10883349180221558, 0.5380634069442749, 0.22459645569324493, 0.22661420702934265, 0.3633296489715576, 0.39948177337646484, 0.6993356347084045, 0.9799777269363403, 0.9596056938171387, 1.3474661111831665]], "sfx.logattacktime.mean": [0.35012996196746826], "lowlevel.hfc.mean": [0.4661656618118286]}