{"lowlevel.dissonance.mean": [0.13985681533813477], "sfx.inharmonicity.mean": [0.42647507786750793], "lowlevel.spectral_contrast.mean": [[0.30457568168640137, 0.27204930782318115, 1.4670933485031128, 1.0134186744689941, 0.7797045707702637, 0.4088594913482666]], "lowlevel.spectral_centroid.mean": [0.429067999124527], "lowlevel.mfcc.mean": [[0.1865907907485962, 0.24373620748519897, 0.09530112147331238, 0.16255758702754974, 0.5695264935493469, 0.5077199935913086, 0.7467461228370667, 1.001166820526123, 0.9928690791130066, 0.32026249170303345, -0.3103402256965637, -0.24640315771102905, 0.6581931710243225]], "sfx.logattacktime.mean": [0.47871074080467224], "lowlevel.hfc.mean": [0.46983399987220764]}