{"lowlevel.dissonance.mean": [0.517146110534668], "sfx.inharmonicity.mean": [1.2599191665649414], "lowlevel.spectral_contrast.mean": [[0.2968018054962158, 0.9276000261306763, 1.0308648347854614, 0.7674942016601562, 0.8380880355834961, 0.9150850772857666]], "lowlevel.spectral_centroid.mean": [0.48839378356933594], "lowlevel.mfcc.mean": [[0.44021594524383545, 0.14564967155456543, -0.12309184670448303, 0.35401129722595215, 0.4180896580219269, 0.534521758556366, 0.33965861797332764, 0.8883547782897949, 1.042135238647461, 1.1857578754425049, 1.1570799350738525, 0.6968045234680176, 0.1590573489665985]], "sfx.logattacktime.mean": [0.2599410116672516], "lowlevel.hfc.mean": [0.4663917124271393]}