{"lowlevel.dissonance.mean": [0.5805263519287109], "sfx.inharmonicity.mean": [0.5998940467834473], "lowlevel.spectral_contrast.mean": [[0.1375417709350586, 1.2193868160247803, 1.1379302740097046, 1.1397818326950073, 1.2032403945922852, 0.9576056003570557]], "lowlevel.spectral_centroid.mean": [0.5647615194320679], "lowlevel.mfcc.mean": [[0.6374223232269287, -0.12042617797851562, -0.1361217200756073, 0.22220148146152496, 0.01714184880256653, 0.10545957088470459, 0.2364211082458496, 0.41788893938064575, 0.6326074004173279, 1.046826720237732, 1.263403296470642, 1.2143936157226562, 1.0045335292816162]], "sfx.logattacktime.mean": [0.47151505947113037], "lowlevel.hfc.mean": [0.5186623334884644]}