{"lowlevel.dissonance.mean": [0.5989092588424683], "sfx.inharmonicity.mean": [0.5624027252197266], "lowlevel.spectral_contrast.mean": [[0.20672059059143066, 0.19403505325317383, 0.2515895366668701, 1.227784276008606, 0.995934009552002, 0.586470365524292]], "lowlevel.spectral_centroid.mean": [0.4725101590156555], "lowlevel.mfcc.mean": [[0.19706594944000244, 0.13194981217384338, 0.17900735139846802, 0.2932775616645813, 0.5961329936981201, 0.8114707469940186, 0.600833535194397, 0.42145612835884094, -0.09910434484481812, 0.29725566506385803, 1.4520282745361328, 1.0143625736236572, -0.38374942541122437]], "sfx.logattacktime.mean": [0.5303107500076294], "lowlevel.hfc.mean": [0.4768899381160736]}