{"lowlevel.dissonance.mean": [0.626523494720459], "sfx.inharmonicity.mean": [0.49886009097099304], "lowlevel.spectral_contrast.mean": [[0.27033817768096924, 1.0574876070022583, 1.2358862161636353, 1.1520854234695435, 1.2200433015823364, 1.0100681781768799]], "lowlevel.spectral_centroid.mean": [0.5693665742874146], "lowlevel.mfcc.mean": [[0.7329809665679932, -0.06495518982410431, -0.16371676325798035, 0.1256231665611267, 0.13606539368629456, 0.16525501012802124, 0.2206210196018219, 0.15216025710105896, 0.08215609192848206, 0.1978805959224701, 0.3146722614765167, 0.5126566290855408, 0.8283905386924744]], "sfx.logattacktime.mean": [0.5135778188705444], "lowlevel.hfc.mean": [0.5018755793571472]}