{"lowlevel.dissonance.mean": [0.22552740573883057], "sfx.inharmonicity.mean": [0.3246486783027649], "lowlevel.spectral_contrast.mean": [[0.34220123291015625, 0.8085122108459473, 0.9103968143463135, 0.6132862567901611, 0.5269207954406738, 0.2926065921783447]], "lowlevel.spectral_centroid.mean": [0.3585946559906006], "lowlevel.mfcc.mean": [[0.22606301307678223, 0.3773881494998932, 0.22519589960575104, 0.06343480944633484, 0.42686551809310913, 0.2798541784286499, 0.2247680425643921, 0.462098628282547, 0.6556214690208435, 0.4074840545654297, 0.2576754689216614, 0.48660343885421753, 0.7484630942344666]], "sfx.logattacktime.mean": [0.3276277780532837], "lowlevel.hfc.mean": [0.46536025404930115]}