{"lowlevel.dissonance.mean": [0.6497162580490112], "sfx.inharmonicity.mean": [0.8021938800811768], "lowlevel.spectral_contrast.mean": [[0.8469686508178711, 0.3133890628814697, 0.3023858070373535, 0.3294961452484131, 0.4293217658996582, 0.4811429977416992]], "lowlevel.spectral_centroid.mean": [1.0111644268035889], "lowlevel.mfcc.mean": [[0.49146735668182373, -0.17586880922317505, 0.630218505859375, 0.6346145272254944, 0.5513064861297607, 0.5243228673934937, 0.3808509409427643, 0.30317091941833496, 0.19514623284339905, 0.12502971291542053, 0.0622517466545105, -0.04968464374542236, -0.12725508213043213]], "sfx.logattacktime.mean": [0.23679202795028687], "lowlevel.hfc.mean": [0.497496634721756]}