{"lowlevel.dissonance.mean": [0.6280065774917603], "sfx.inharmonicity.mean": [0.47162947058677673], "lowlevel.spectral_contrast.mean": [[0.5446486473083496, 0.3899514675140381, 0.34965944290161133, 0.32010674476623535, 0.35086488723754883, 0.5256993770599365]], "lowlevel.spectral_centroid.mean": [0.36672765016555786], "lowlevel.mfcc.mean": [[0.4758486747741699, 0.4053415358066559, 0.5322129726409912, 0.6723714470863342, 0.4589754343032837, 0.3987216651439667, 0.3372683823108673, 0.359915554523468, 0.37060225009918213, 0.34438663721084595, 0.3844356834888458, 0.3972511291503906, 0.3703109622001648]], "sfx.logattacktime.mean": [0.11630505323410034], "lowlevel.hfc.mean": [0.4702845811843872]}