{"lowlevel.dissonance.mean": [0.6231391429901123], "sfx.inharmonicity.mean": [0.6487607359886169], "lowlevel.spectral_contrast.mean": [[0.19326066970825195, 0.25018584728240967, 0.2948739528656006, 0.24531245231628418, 0.20472931861877441, 0.2651181221008301]], "lowlevel.spectral_centroid.mean": [0.809644341468811], "lowlevel.mfcc.mean": [[0.22874188423156738, 0.3000676929950714, 0.509640634059906, 0.4235279858112335, 0.4315815567970276, 0.47276633977890015, 0.4775826930999756, 0.4410100281238556, 0.39880722761154175, 0.3916243016719818, 0.3946378827095032, 0.39358407258987427, 0.37791627645492554]], "sfx.logattacktime.mean": [0.09101289510726929], "lowlevel.hfc.mean": [0.4670116901397705]}