{"lowlevel.dissonance.mean": [0.5952633619308472], "sfx.inharmonicity.mean": [0.40447676181793213], "lowlevel.spectral_contrast.mean": [[0.4089810848236084, 0.3776555061340332, 0.33671045303344727, 0.30559492111206055, 0.335010290145874, 0.5032453536987305]], "lowlevel.spectral_centroid.mean": [0.4067099690437317], "lowlevel.mfcc.mean": [[0.4456319808959961, 0.3583124279975891, 0.542278528213501, 0.6836541891098022, 0.5083121061325073, 0.48110100626945496, 0.37911492586135864, 0.32591384649276733, 0.3165116310119629, 0.3134493827819824, 0.3346726596355438, 0.2844788432121277, 0.30211561918258667]], "sfx.logattacktime.mean": [0.1480425000190735], "lowlevel.hfc.mean": [0.4746599495410919]}