{"lowlevel.dissonance.mean": [0.7316148281097412], "sfx.inharmonicity.mean": [1.1156229972839355], "lowlevel.spectral_contrast.mean": [[0.6060435771942139, 0.5279523134231567, 0.43623173236846924, 0.5570840835571289, 0.5572464466094971, 0.6699655055999756]], "lowlevel.spectral_centroid.mean": [0.6213759779930115], "lowlevel.mfcc.mean": [[0.645578145980835, 0.16323556005954742, 0.227852463722229, 0.5671651363372803, 0.4422166347503662, 0.5956829786300659, 0.3117065727710724, 0.3184043765068054, 0.28497421741485596, 0.8403028249740601, 0.7446677684783936, 0.5808764696121216, 0.5864439010620117]], "sfx.logattacktime.mean": [0.34765708446502686], "lowlevel.hfc.mean": [0.46713751554489136]}