{"lowlevel.dissonance.mean": [0.29117047786712646], "sfx.inharmonicity.mean": [0.3216746151447296], "lowlevel.spectral_contrast.mean": [[0.3345530033111572, 0.7871981859207153, 0.9303752183914185, 0.6292283535003662, 0.5534849166870117, 0.29920458793640137]], "lowlevel.spectral_centroid.mean": [0.36627063155174255], "lowlevel.mfcc.mean": [[0.24290764331817627, 0.3715999722480774, 0.1723414957523346, 0.0830080509185791, 0.4542508125305176, 0.27780136466026306, 0.18471485376358032, 0.5437948107719421, 0.8060859441757202, 0.345702201128006, 0.17990481853485107, 0.5264861583709717, 0.7730798721313477]], "sfx.logattacktime.mean": [0.34178397059440613], "lowlevel.hfc.mean": [0.46552079916000366]}