{"lowlevel.dissonance.mean": [-0.522689163684845], "sfx.inharmonicity.mean": [0.2236332893371582], "lowlevel.spectral_contrast.mean": [[0.10071158409118652, 0.12886464595794678, 0.1625993251800537, 0.2366628646850586, 0.13603949546813965, 0.1251819133758545]], "lowlevel.spectral_centroid.mean": [0.7900810241699219], "lowlevel.mfcc.mean": [[0.29258644580841064, 0.4425767958164215, 0.550837516784668, 0.36852791905403137, 0.42342066764831543, 0.5178223252296448, 0.5985970497131348, 0.5705252885818481, 0.48620086908340454, 0.36926335096359253, 0.3577250838279724, 0.4332108199596405, 0.42219623923301697]], "sfx.logattacktime.mean": [0.041048526763916016], "lowlevel.hfc.mean": [0.46520575881004333]}