{"lowlevel.dissonance.mean": [0.24239110946655273], "sfx.inharmonicity.mean": [0.19616946578025818], "lowlevel.spectral_contrast.mean": [[0.6079521179199219, 0.435089111328125, 0.30663466453552246, 0.27261829376220703, 0.3086082935333252, 0.2379765510559082]], "lowlevel.spectral_centroid.mean": [0.3447633683681488], "lowlevel.mfcc.mean": [[0.17668020725250244, 0.4584100842475891, 0.7327144145965576, 0.6441842317581177, 0.8004637956619263, 0.7753946781158447, 0.7036864757537842, 0.6199987530708313, 0.6249685287475586, 0.5083951354026794, 0.3672580420970917, 0.21485918760299683, 0.1730356216430664]], "sfx.logattacktime.mean": [0.22294625639915466], "lowlevel.hfc.mean": [0.4650891125202179]}