{"lowlevel.dissonance.mean": [-0.17093855142593384], "sfx.inharmonicity.mean": [0.36030274629592896], "lowlevel.spectral_contrast.mean": [[0.45005714893341064, 0.6507034301757812, 0.6613465547561646, 0.4149148464202881, 0.3063228130340576, 0.19170308113098145]], "lowlevel.spectral_centroid.mean": [0.35538554191589355], "lowlevel.mfcc.mean": [[0.24430406093597412, 0.5998345613479614, 0.6998913288116455, 0.24525801837444305, 0.12711051106452942, 0.09255865216255188, 0.2105998694896698, 0.32178911566734314, 0.5195669531822205, 0.5662636160850525, 0.5250998139381409, 0.4938453435897827, 0.5841937065124512]], "sfx.logattacktime.mean": [0.2898772060871124], "lowlevel.hfc.mean": [0.466034859418869]}