{"lowlevel.dissonance.mean": [-0.5360872745513916], "sfx.inharmonicity.mean": [0.35786402225494385], "lowlevel.spectral_contrast.mean": [[0.7294309139251709, 0.9993425607681274, 0.7666586637496948, 0.49993467330932617, 0.37070798873901367, 0.31118154525756836]], "lowlevel.spectral_centroid.mean": [0.3409000039100647], "lowlevel.mfcc.mean": [[0.32845401763916016, 0.7462724447250366, 0.742196261882782, 0.2818131446838379, 0.11752897500991821, 0.022779881954193115, 0.04389691352844238, -0.040541112422943115, 0.15483435988426208, 0.4166121482849121, 0.44817325472831726, 0.4245654344558716, 0.5991126298904419]], "sfx.logattacktime.mean": [0.3343964219093323], "lowlevel.hfc.mean": [0.4674154222011566]}