{"lowlevel.dissonance.mean": [0.5406761169433594], "sfx.inharmonicity.mean": [0.766374945640564], "lowlevel.spectral_contrast.mean": [[0.28604185581207275, 0.8769189119338989, 0.954776406288147, 0.6994920969009399, 0.7486827373504639, 0.8241546154022217]], "lowlevel.spectral_centroid.mean": [0.47914212942123413], "lowlevel.mfcc.mean": [[0.40759265422821045, 0.1654757708311081, -0.050608307123184204, 0.32691994309425354, 0.43578341603279114, 0.5707899928092957, 0.39321598410606384, 0.8478550314903259, 1.0133533477783203, 1.1671375036239624, 1.2917542457580566, 0.5924049615859985, 0.019764453172683716]], "sfx.logattacktime.mean": [0.26242244243621826], "lowlevel.hfc.mean": [0.4655327796936035]}