{"lowlevel.dissonance.mean": [0.728213906288147], "sfx.inharmonicity.mean": [0.9710161685943604], "lowlevel.spectral_contrast.mean": [[0.5494117736816406, 0.38026857376098633, 0.492245078086853, 0.5187389850616455, 0.5848793983459473, 0.6899659633636475]], "lowlevel.spectral_centroid.mean": [0.6149839162826538], "lowlevel.mfcc.mean": [[0.6351566314697266, 0.19600635766983032, 0.14519169926643372, 0.5178186297416687, 0.4305911064147949, 0.6136436462402344, 0.4383290410041809, 0.49114376306533813, 0.2932044267654419, 0.7462233304977417, 0.698759138584137, 0.44678786396980286, 0.3493017554283142]], "sfx.logattacktime.mean": [0.26443517208099365], "lowlevel.hfc.mean": [0.4675256013870239]}