{"lowlevel.dissonance.mean": [0.36725521087646484], "sfx.inharmonicity.mean": [0.7921891212463379], "lowlevel.spectral_contrast.mean": [[0.16942501068115234, 0.16939353942871094, 1.3179152011871338, 1.3977571725845337, 0.9826400279998779, 0.658135175704956]], "lowlevel.spectral_centroid.mean": [0.4917293190956116], "lowlevel.mfcc.mean": [[0.33097052574157715, 0.09416310489177704, 0.01795443892478943, 0.2448345422744751, 0.5244673490524292, 0.5650589466094971, 0.7553105354309082, 1.0648682117462158, 0.6344496607780457, -0.183832585811615, -0.2602657079696655, 0.5670757293701172, 1.763107180595398]], "sfx.logattacktime.mean": [0.32292717695236206], "lowlevel.hfc.mean": [0.49799811840057373]}