{"lowlevel.dissonance.mean": [0.24493086338043213], "sfx.inharmonicity.mean": [0.3365964889526367], "lowlevel.spectral_contrast.mean": [[0.331081748008728, 0.916393518447876, 0.9540810585021973, 0.6975570917129517, 0.5289838314056396, 0.31468963623046875]], "lowlevel.spectral_centroid.mean": [0.3632504343986511], "lowlevel.mfcc.mean": [[0.24721300601959229, 0.3983742594718933, 0.1612762212753296, 0.014627903699874878, 0.43742918968200684, 0.2611420452594757, 0.13240596652030945, 0.427706241607666, 0.7042995691299438, 0.4146409332752228, 0.26928725838661194, 0.4459017217159271, 0.7171304821968079]], "sfx.logattacktime.mean": [0.3805152177810669], "lowlevel.hfc.mean": [0.46537402272224426]}