{"lowlevel.dissonance.mean": [0.7312966585159302], "sfx.inharmonicity.mean": [1.0544291734695435], "lowlevel.spectral_contrast.mean": [[0.6331530213356018, 0.3611929416656494, 0.3228170871734619, 0.3892362117767334, 0.4755675792694092, 0.5995070934295654]], "lowlevel.spectral_centroid.mean": [0.8974887132644653], "lowlevel.mfcc.mean": [[0.7126897573471069, -0.08636781573295593, 0.33442598581314087, 0.5014728903770447, 0.29092496633529663, 0.3680497705936432, 0.1674724519252777, 0.12552082538604736, 0.11123231053352356, 0.1003427803516388, 0.11509522795677185, 0.20334237813949585, 0.2740791141986847]], "sfx.logattacktime.mean": [0.1708206832408905], "lowlevel.hfc.mean": [0.49770715832710266]}