{"lowlevel.dissonance.mean": [0.10646939277648926], "sfx.inharmonicity.mean": [0.3675768971443176], "lowlevel.spectral_contrast.mean": [[0.1261826753616333, 1.194577932357788, 0.6087476015090942, 0.9986637830734253, 0.5184247493743896, 0.3569345474243164]], "lowlevel.spectral_centroid.mean": [0.38352879881858826], "lowlevel.mfcc.mean": [[0.268237829208374, 0.4454593360424042, 0.19989615678787231, 0.02036646008491516, 0.3340790271759033, 0.23660142719745636, 0.18799054622650146, -0.17760556936264038, -0.41045916080474854, 0.10497090220451355, 0.9903488755226135, 1.3127224445343018, 1.4132161140441895]], "sfx.logattacktime.mean": [0.3995004892349243], "lowlevel.hfc.mean": [0.46620672941207886]}