{"lowlevel.dissonance.mean": [0.7361859083175659], "sfx.inharmonicity.mean": [1.1919445991516113], "lowlevel.spectral_contrast.mean": [[0.5443494319915771, 0.4864974021911621, 0.550573468208313, 0.6757636070251465, 0.7064967155456543, 1.140101432800293]], "lowlevel.spectral_centroid.mean": [0.6000243425369263], "lowlevel.mfcc.mean": [[0.7341701984405518, 0.27886465191841125, -0.19867584109306335, 0.6413669586181641, 0.29312148690223694, 0.7307332754135132, 0.5651521682739258, 0.577336311340332, 0.44149333238601685, 0.8213838338851929, 0.7189067602157593, 0.39654475450515747, 0.30193591117858887]], "sfx.logattacktime.mean": [0.31622809171676636], "lowlevel.hfc.mean": [0.5017876625061035]}