{"lowlevel.dissonance.mean": [0.5341275930404663], "sfx.inharmonicity.mean": [0.6375666856765747], "lowlevel.spectral_contrast.mean": [[0.12761950492858887, 0.23829913139343262, 1.3817145824432373, 1.2080838680267334, 1.2287012338638306, 0.9715406894683838]], "lowlevel.spectral_centroid.mean": [0.508293867111206], "lowlevel.mfcc.mean": [[0.5735833644866943, -0.13885068893432617, -0.11773380637168884, 0.18816708028316498, 0.01558879017829895, 0.2610968351364136, 0.5388904213905334, 1.024653434753418, 1.167571783065796, 1.166628360748291, 0.37086236476898193, -0.588767409324646, -0.6096646785736084]], "sfx.logattacktime.mean": [0.5081061720848083], "lowlevel.hfc.mean": [0.5104366540908813]}