{"lowlevel.dissonance.mean": [0.4950089454650879], "sfx.inharmonicity.mean": [0.808472752571106], "lowlevel.spectral_contrast.mean": [[0.279992938041687, 1.0308374166488647, 1.0802185535430908, 0.8018046617507935, 0.922814130783081, 0.8199400901794434]], "lowlevel.spectral_centroid.mean": [0.5117987394332886], "lowlevel.mfcc.mean": [[0.5127745866775513, 0.09946303069591522, -0.12003692984580994, 0.3016282618045807, 0.4246300756931305, 0.29713699221611023, 0.31063196063041687, 1.0577123165130615, 0.869666576385498, 1.0711839199066162, 1.416135311126709, 0.7060424089431763, 0.2378288209438324]], "sfx.logattacktime.mean": [0.27610474824905396], "lowlevel.hfc.mean": [0.49099624156951904]}