{"lowlevel.dissonance.mean": [0.7170790433883667], "sfx.inharmonicity.mean": [1.0733157396316528], "lowlevel.spectral_contrast.mean": [[0.2459867000579834, 0.20577192306518555, 0.16941189765930176, 0.1578378677368164, 0.15675592422485352, 0.1953141689300537]], "lowlevel.spectral_centroid.mean": [1.375548005104065], "lowlevel.mfcc.mean": [[0.24811768531799316, 0.17863118648529053, 0.47315678000450134, 0.41159000992774963, 0.4727480709552765, 0.41385748982429504, 0.39014843106269836, 0.3251584470272064, 0.3508359491825104, 0.33011800050735474, 0.3836262822151184, 0.3394244313240051, 0.3354473114013672]], "sfx.logattacktime.mean": [0.20084115862846375], "lowlevel.hfc.mean": [0.47020721435546875]}