{"lowlevel.dissonance.mean": [-0.14171439409255981], "sfx.inharmonicity.mean": [0.31984150409698486], "lowlevel.spectral_contrast.mean": [[0.026995301246643066, 0.12944698333740234, 0.16330456733703613, 0.18296194076538086, 0.18867135047912598, 0.16570448875427246]], "lowlevel.spectral_centroid.mean": [0.7927331924438477], "lowlevel.mfcc.mean": [[0.33678972721099854, 0.44718849658966064, 0.5719516277313232, 0.41040849685668945, 0.5319792628288269, 0.517738401889801, 0.43906888365745544, 0.38464754819869995, 0.5329935550689697, 0.5017668604850769, 0.5365116000175476, 0.5244817137718201, 0.3656688332557678]], "sfx.logattacktime.mean": [0.03587859869003296], "lowlevel.hfc.mean": [0.4653509557247162]}