{"lowlevel.dissonance.mean": [0.18968725204467773], "sfx.inharmonicity.mean": [0.4542696177959442], "lowlevel.spectral_contrast.mean": [[0.22849023342132568, 0.1924682855606079, 1.2961760759353638, 1.062487006187439, 0.7612998485565186, 0.5592405796051025]], "lowlevel.spectral_centroid.mean": [0.429577499628067], "lowlevel.mfcc.mean": [[0.29830193519592285, 0.25337594747543335, 0.0038065314292907715, 0.06405067443847656, 0.22248241305351257, 0.4981910288333893, 0.6156760454177856, 0.7062348127365112, 1.0205254554748535, 0.9924914240837097, 0.4287215769290924, -0.2984766960144043, -0.6033352613449097]], "sfx.logattacktime.mean": [0.45953482389450073], "lowlevel.hfc.mean": [0.47324416041374207]}