{"lowlevel.dissonance.mean": [-0.03357136249542236], "sfx.inharmonicity.mean": [1.5612515211105347], "lowlevel.spectral_contrast.mean": [[0.2153695821762085, 0.9415576457977295, 1.3660749197006226, 0.9959678649902344, 0.4830312728881836, 0.4493861198425293]], "lowlevel.spectral_centroid.mean": [0.39103442430496216], "lowlevel.mfcc.mean": [[0.20409655570983887, 0.3237054944038391, 0.18348723649978638, -0.015902727842330933, 0.20850571990013123, 0.21983939409255981, 0.30166390538215637, 0.5804416537284851, 1.2083452939987183, 1.4939219951629639, 1.217329502105713, 0.5039797425270081, -0.10147678852081299]], "sfx.logattacktime.mean": [0.3714791536331177], "lowlevel.hfc.mean": [0.4666039049625397]}