{"lowlevel.dissonance.mean": [0.21868371963500977], "sfx.inharmonicity.mean": [0.18937066197395325], "lowlevel.spectral_contrast.mean": [[0.6446493268013, 0.4837532043457031, 0.32314538955688477, 0.25867605209350586, 0.31035804748535156, 0.23249006271362305]], "lowlevel.spectral_centroid.mean": [0.3079042434692383], "lowlevel.mfcc.mean": [[0.19358229637145996, 0.49943286180496216, 0.7758172750473022, 0.6779935956001282, 0.7957900762557983, 0.7458353042602539, 0.6366214752197266, 0.5131306052207947, 0.5352045893669128, 0.43775102496147156, 0.31507444381713867, 0.20439451932907104, 0.21018198132514954]], "sfx.logattacktime.mean": [0.19488871097564697], "lowlevel.hfc.mean": [0.46509161591529846]}