{"lowlevel.dissonance.mean": [0.23293113708496094], "sfx.inharmonicity.mean": [0.34353911876678467], "lowlevel.spectral_contrast.mean": [[0.3212035894393921, 0.6768487691879272, 1.0162301063537598, 0.6320455074310303, 0.6479010581970215, 0.33743810653686523]], "lowlevel.spectral_centroid.mean": [0.370685338973999], "lowlevel.mfcc.mean": [[0.26490330696105957, 0.3493656516075134, 0.09797173738479614, 0.07183870673179626, 0.38084179162979126, 0.22939275205135345, 0.2666565179824829, 0.6305566430091858, 0.8570291996002197, 0.390071839094162, 0.1841202974319458, 0.4543764591217041, 0.5781515836715698]], "sfx.logattacktime.mean": [0.225824773311615], "lowlevel.hfc.mean": [0.4658971428871155]}