{"lowlevel.dissonance.mean": [-0.19433075189590454], "sfx.inharmonicity.mean": [0.25210559368133545], "lowlevel.spectral_contrast.mean": [[0.08900678157806396, 0.14202594757080078, 0.26385974884033203, 0.12677454948425293, 0.12734246253967285, 0.15553617477416992]], "lowlevel.spectral_centroid.mean": [0.7729674577713013], "lowlevel.mfcc.mean": [[0.31756043434143066, 0.43986836075782776, 0.6192247867584229, 0.5236760377883911, 0.48473337292671204, 0.45156604051589966, 0.48633792996406555, 0.4913174510002136, 0.5602224469184875, 0.45945286750793457, 0.4561907649040222, 0.3476489186286926, 0.39907169342041016]], "sfx.logattacktime.mean": [-0.014255225658416748], "lowlevel.hfc.mean": [0.46544593572616577]}