{"lowlevel.dissonance.mean": [0.36030352115631104], "sfx.inharmonicity.mean": [0.6165000200271606], "lowlevel.spectral_contrast.mean": [[0.805191695690155, 0.6385506391525269, 0.6703524589538574, 0.5100553035736084, 0.4175984859466553, 0.4599909782409668]], "lowlevel.spectral_centroid.mean": [0.3685682713985443], "lowlevel.mfcc.mean": [[0.6313031911849976, 0.5516643524169922, 0.37255290150642395, 0.2098435014486313, 0.011702805757522583, 0.12233299016952515, 0.08477085828781128, 0.0579105019569397, 0.0009520649909973145, 0.13390684127807617, 0.09365954995155334, 0.0750575065612793, -0.03315967321395874]], "sfx.logattacktime.mean": [0.18520990014076233], "lowlevel.hfc.mean": [0.4711933434009552]}