{"lowlevel.dissonance.mean": [0.4409366846084595], "sfx.inharmonicity.mean": [0.3577738404273987], "lowlevel.spectral_contrast.mean": [[0.5137113332748413, 0.5320825576782227, 0.48363757133483887, 0.3556394577026367, 0.47606372833251953, 0.3027608394622803]], "lowlevel.spectral_centroid.mean": [0.3227890133857727], "lowlevel.mfcc.mean": [[0.37256503105163574, 0.7211712598800659, 0.6069725751876831, 0.5473019480705261, 0.5943450927734375, 0.2880345284938812, 0.40197858214378357, 0.5396804809570312, 0.4537614583969116, 0.35269391536712646, 0.5141291618347168, 0.4652631878852844, 0.3790988028049469]], "sfx.logattacktime.mean": [0.5065326690673828], "lowlevel.hfc.mean": [0.46557480096817017]}