{"lowlevel.dissonance.mean": [0.47746360301971436], "sfx.inharmonicity.mean": [1.1137334108352661], "lowlevel.spectral_contrast.mean": [[0.3208576440811157, 0.8767741918563843, 0.995512843132019, 0.8647600412368774, 0.8413376808166504, 0.7561120986938477]], "lowlevel.spectral_centroid.mean": [0.45621195435523987], "lowlevel.mfcc.mean": [[0.3669717311859131, 0.20981863141059875, -0.011950820684432983, 0.2857019305229187, 0.5901175737380981, 0.4938148558139801, 0.3172258734703064, 0.848994791507721, 1.0483834743499756, 1.4342126846313477, 1.266442894935608, 0.2754647433757782, -0.09865713119506836]], "sfx.logattacktime.mean": [0.21802261471748352], "lowlevel.hfc.mean": [0.465487539768219]}