{"lowlevel.dissonance.mean": [0.6707867383956909], "sfx.inharmonicity.mean": [0.3699342608451843], "lowlevel.spectral_contrast.mean": [[0.4032266139984131, 0.3322979211807251, 0.3035709857940674, 0.2854909896850586, 0.31061720848083496, 0.5000200271606445]], "lowlevel.spectral_centroid.mean": [0.46048271656036377], "lowlevel.mfcc.mean": [[0.41216206550598145, 0.3395598530769348, 0.5119038820266724, 0.6561187505722046, 0.4653453826904297, 0.4506557285785675, 0.42319032549858093, 0.43267369270324707, 0.4269501268863678, 0.4060874581336975, 0.45125651359558105, 0.4462984800338745, 0.4078426659107208]], "sfx.logattacktime.mean": [0.11310383677482605], "lowlevel.hfc.mean": [0.4702097177505493]}