{"lowlevel.dissonance.mean": [0.5788455009460449], "sfx.inharmonicity.mean": [0.5117289423942566], "lowlevel.spectral_contrast.mean": [[0.5919063091278076, 0.2638545036315918, 1.3427671194076538, 1.1339693069458008, 1.2139281034469604, 0.8452072143554688]], "lowlevel.spectral_centroid.mean": [0.4892941415309906], "lowlevel.mfcc.mean": [[0.4943450689315796, 0.09169545769691467, 0.334439754486084, 0.6176735162734985, 0.356143057346344, 0.5949360728263855, 0.8801504969596863, 1.1172459125518799, 0.8525955677032471, -0.19513845443725586, 0.009429246187210083, 0.7386234998703003, 2.0307083129882812]], "sfx.logattacktime.mean": [0.6011584997177124], "lowlevel.hfc.mean": [0.48424628376960754]}