{"lowlevel.dissonance.mean": [0.2610599994659424], "sfx.inharmonicity.mean": [0.3758510947227478], "lowlevel.spectral_contrast.mean": [[0.19784581661224365, 1.2315928936004639, 1.1386712789535522, 1.088449239730835, 0.7702181339263916, 0.43388938903808594]], "lowlevel.spectral_centroid.mean": [0.38483431935310364], "lowlevel.mfcc.mean": [[0.3517724275588989, 0.3812798857688904, -0.03065928816795349, 0.10036695003509521, 0.41426151990890503, 0.3958694338798523, 0.353590190410614, -0.17481917142868042, -0.43225717544555664, -0.06306380033493042, 0.5424572825431824, 0.6222544312477112, 1.1113834381103516]], "sfx.logattacktime.mean": [0.30985310673713684], "lowlevel.hfc.mean": [0.4691859781742096]}