{"lowlevel.dissonance.mean": [0.5393422842025757], "sfx.inharmonicity.mean": [1.2457259893417358], "lowlevel.spectral_contrast.mean": [[0.2605961561203003, 1.0627801418304443, 1.114353060722351, 0.7859761714935303, 0.8505609035491943, 0.8867759704589844]], "lowlevel.spectral_centroid.mean": [0.5445672869682312], "lowlevel.mfcc.mean": [[0.5706008672714233, 0.019626647233963013, -0.11936268210411072, 0.3262820243835449, 0.39747679233551025, 0.3440391421318054, 0.2629346251487732, 0.8361683487892151, 0.8733372688293457, 1.2076740264892578, 1.3307753801345825, 0.9352456331253052, 0.2261224389076233]], "sfx.logattacktime.mean": [0.2756624221801758], "lowlevel.hfc.mean": [0.5121904015541077]}