{"lowlevel.dissonance.mean": [0.6159871816635132], "sfx.inharmonicity.mean": [0.7125469446182251], "lowlevel.spectral_contrast.mean": [[0.1489788293838501, 1.1339433193206787, 1.1941359043121338, 1.4130489826202393, 1.3143348693847656, 1.0942652225494385]], "lowlevel.spectral_centroid.mean": [0.5767418146133423], "lowlevel.mfcc.mean": [[0.730110764503479, -0.08696906268596649, -0.21590110659599304, 0.21722309291362762, 0.05702689290046692, -0.003998517990112305, 0.029559999704360962, 0.19352522492408752, 0.18885856866836548, 0.3616137206554413, 0.5459007620811462, 0.7579690217971802, 1.2276034355163574]], "sfx.logattacktime.mean": [0.4996880888938904], "lowlevel.hfc.mean": [0.5038660764694214]}