{"lowlevel.dissonance.mean": [-0.17200875282287598], "sfx.inharmonicity.mean": [0.19059474766254425], "lowlevel.spectral_contrast.mean": [[0.10947740077972412, 0.20489764213562012, 0.16962456703186035, 0.19201278686523438, 0.22488641738891602, 0.16171741485595703]], "lowlevel.spectral_centroid.mean": [0.7849327325820923], "lowlevel.mfcc.mean": [[0.33036959171295166, 0.41900649666786194, 0.5695016384124756, 0.4878884553909302, 0.6203292608261108, 0.5656655430793762, 0.46355557441711426, 0.3776419758796692, 0.4114496111869812, 0.46599113941192627, 0.5772167444229126, 0.5596446990966797, 0.4111577272415161]], "sfx.logattacktime.mean": [0.01904284954071045], "lowlevel.hfc.mean": [0.4653445780277252]}