{"lowlevel.dissonance.mean": [0.570970892906189], "sfx.inharmonicity.mean": [0.6198625564575195], "lowlevel.spectral_contrast.mean": [[0.258756160736084, 1.0941522121429443, 1.1136616468429565, 0.8250133991241455, 0.7370564937591553, 0.9221720695495605]], "lowlevel.spectral_centroid.mean": [0.5474758744239807], "lowlevel.mfcc.mean": [[0.6256109476089478, -0.013534873723983765, -0.1682511270046234, 0.27387601137161255, 0.36182039976119995, 0.5251784324645996, 0.2968464493751526, 0.6979221105575562, 0.8478698134422302, 1.3260079622268677, 1.2299822568893433, 1.030774712562561, 0.3947039246559143]], "sfx.logattacktime.mean": [0.27714216709136963], "lowlevel.hfc.mean": [0.5034722089767456]}