{"lowlevel.dissonance.mean": [0.3881683349609375], "sfx.inharmonicity.mean": [0.5902659893035889], "lowlevel.spectral_contrast.mean": [[0.20195186138153076, 0.20862042903900146, 1.2605303525924683, 1.3394396305084229, 0.8123650550842285, 0.5613174438476562]], "lowlevel.spectral_centroid.mean": [0.47580835223197937], "lowlevel.mfcc.mean": [[0.30899298191070557, 0.13607721030712128, -0.011439353227615356, 0.10627350211143494, 0.35679763555526733, 0.7692846059799194, 0.8945930004119873, 0.8064818382263184, 0.8264367580413818, 0.2965797185897827, -0.30263715982437134, -0.4145672917366028, 1.2553725242614746]], "sfx.logattacktime.mean": [0.2655155658721924], "lowlevel.hfc.mean": [0.47864019870758057]}