{"lowlevel.dissonance.mean": [0.28672778606414795], "sfx.inharmonicity.mean": [0.21966412663459778], "lowlevel.spectral_contrast.mean": [[0.6057999134063721, 0.4254494905471802, 0.29309725761413574, 0.2811284065246582, 0.3233664035797119, 0.23698973655700684]], "lowlevel.spectral_centroid.mean": [0.3623412549495697], "lowlevel.mfcc.mean": [[0.20604825019836426, 0.5357965230941772, 0.7852845191955566, 0.6614096164703369, 0.819404125213623, 0.8187230825424194, 0.7363954186439514, 0.6040657162666321, 0.6018129587173462, 0.48712295293807983, 0.3295702338218689, 0.20425385236740112, 0.2380596101284027]], "sfx.logattacktime.mean": [0.2021442949771881], "lowlevel.hfc.mean": [0.46509891748428345]}