{"lowlevel.dissonance.mean": [0.7346363067626953], "sfx.inharmonicity.mean": [0.9421225786209106], "lowlevel.spectral_contrast.mean": [[0.5849617719650269, 0.4305567741394043, 0.3959602117538452, 0.5058515071868896, 0.5237059593200684, 0.6284401416778564]], "lowlevel.spectral_centroid.mean": [0.5468250513076782], "lowlevel.mfcc.mean": [[0.5291943550109863, 0.19412267208099365, 0.19333797693252563, 0.5834203958511353, 0.5442378520965576, 0.6756616234779358, 0.5088687539100647, 0.3928316533565521, 0.3545684218406677, 0.8007749319076538, 0.7872788310050964, 0.5723132491111755, 0.4608442187309265]], "sfx.logattacktime.mean": [0.23636916279792786], "lowlevel.hfc.mean": [0.46749597787857056]}