{"lowlevel.dissonance.mean": [0.5032061338424683], "sfx.inharmonicity.mean": [0.538970947265625], "lowlevel.spectral_contrast.mean": [[0.30914604663848877, 0.4879392385482788, 0.7951234579086304, 1.132434368133545, 0.5332951545715332, 0.45146870613098145]], "lowlevel.spectral_centroid.mean": [0.44336754083633423], "lowlevel.mfcc.mean": [[0.28925132751464844, 0.21609452366828918, 0.012586832046508789, 0.01862698793411255, 0.5711462497711182, 0.7519528865814209, 0.5131393671035767, 0.3167332410812378, 0.5136468410491943, 0.7454030513763428, 0.7250322103500366, 0.7235656976699829, 0.42232468724250793]], "sfx.logattacktime.mean": [0.571820855140686], "lowlevel.hfc.mean": [0.46781298518180847]}