{"lowlevel.dissonance.mean": [0.5531971454620361], "sfx.inharmonicity.mean": [0.7401528358459473], "lowlevel.spectral_contrast.mean": [[0.1987006664276123, 1.1295499801635742, 1.1876300573349, 1.1377079486846924, 1.1123770475387573, 0.8899164199829102]], "lowlevel.spectral_centroid.mean": [0.5481010675430298], "lowlevel.mfcc.mean": [[0.7336266040802002, 0.08280666172504425, -0.2186814248561859, 0.1098451018333435, -0.03689849376678467, 0.09007567167282104, 0.05585455894470215, 0.09316149353981018, -0.0006964206695556641, 0.17493867874145508, 0.22984129190444946, 0.31187933683395386, 0.4470018148422241]], "sfx.logattacktime.mean": [0.4345930218696594], "lowlevel.hfc.mean": [0.48509079217910767]}