{"lowlevel.dissonance.mean": [0.6406654119491577], "sfx.inharmonicity.mean": [0.7039034366607666], "lowlevel.spectral_contrast.mean": [[0.15109002590179443, 0.23915767669677734, 1.2697677612304688, 1.2746273279190063, 1.2434860467910767, 0.9878129959106445]], "lowlevel.spectral_centroid.mean": [0.5629057884216309], "lowlevel.mfcc.mean": [[0.5625320672988892, -0.2359032928943634, -0.04301008582115173, 0.13199982047080994, 0.08950623869895935, 0.5386250615119934, 0.7078125476837158, 1.0444002151489258, 1.1881511211395264, 0.7468278408050537, -0.26829928159713745, -0.7192480564117432, 0.14556747674942017]], "sfx.logattacktime.mean": [0.45813819766044617], "lowlevel.hfc.mean": [0.5197493433952332]}