{"lowlevel.dissonance.mean": [-0.20671147108078003], "sfx.inharmonicity.mean": [0.24301183223724365], "lowlevel.spectral_contrast.mean": [[0.25479984283447266, 0.9204608201980591, 1.169971227645874, 0.6154470443725586, 0.36347079277038574, 0.3525424003601074]], "lowlevel.spectral_centroid.mean": [0.37117788195610046], "lowlevel.mfcc.mean": [[0.2227693796157837, 0.4714120328426361, 0.4650418162345886, 0.0012077391147613525, -0.06430655717849731, 0.07896298170089722, 0.4054529070854187, 0.4047778248786926, 0.49027320742607117, 0.4289793074131012, 0.1925128698348999, 0.1534903645515442, 0.43933916091918945]], "sfx.logattacktime.mean": [0.30198967456817627], "lowlevel.hfc.mean": [0.4683302342891693]}