{"lowlevel.dissonance.mean": [0.6052711009979248], "sfx.inharmonicity.mean": [0.4983900487422943], "lowlevel.spectral_contrast.mean": [[0.2077244520187378, 1.034549593925476, 1.2393770217895508, 1.1885218620300293, 1.2213213443756104, 1.0273663997650146]], "lowlevel.spectral_centroid.mean": [0.6159396171569824], "lowlevel.mfcc.mean": [[0.7540700435638428, -0.08394336700439453, -0.1518147885799408, 0.14870306849479675, 0.0912410318851471, 0.1512347161769867, 0.14710959792137146, 0.021778792142868042, -0.0366024374961853, 0.04771742224693298, 0.058044612407684326, 0.2699575424194336, 0.6212403774261475]], "sfx.logattacktime.mean": [0.5076404213905334], "lowlevel.hfc.mean": [0.5060250759124756]}