{"lowlevel.dissonance.mean": [-0.456398606300354], "sfx.inharmonicity.mean": [0.3779452443122864], "lowlevel.spectral_contrast.mean": [[0.588152289390564, 1.0489599704742432, 0.7144840955734253, 0.48469090461730957, 0.3496379852294922, 0.39723658561706543]], "lowlevel.spectral_centroid.mean": [0.3467443287372589], "lowlevel.mfcc.mean": [[0.2830038070678711, 0.6108218431472778, 0.6441695094108582, 0.25785043835639954, 0.11417236924171448, 0.02458670735359192, 0.07833167910575867, -0.06574779748916626, 0.22964325547218323, 0.3638842701911926, 0.4158303737640381, 0.54558926820755, 0.48584115505218506]], "sfx.logattacktime.mean": [0.2560209035873413], "lowlevel.hfc.mean": [0.46661052107810974]}