{"lowlevel.dissonance.mean": [0.11016511917114258], "sfx.inharmonicity.mean": [0.5718706250190735], "lowlevel.spectral_contrast.mean": [[0.2172762155532837, 0.23334479331970215, 1.3290735483169556, 0.30998754501342773, 1.0611191987991333, 0.5154821872711182]], "lowlevel.spectral_centroid.mean": [0.45929962396621704], "lowlevel.mfcc.mean": [[0.23229742050170898, 0.2113122045993805, 0.05398470163345337, 0.10882949829101562, 0.4338892102241516, 0.8321704864501953, 0.7985746264457703, 0.9772092700004578, 0.5142330527305603, -0.5622780323028564, -0.3410230278968811, 1.1269631385803223, 2.0687851905822754]], "sfx.logattacktime.mean": [0.5981144905090332], "lowlevel.hfc.mean": [0.47013750672340393]}