{"lowlevel.dissonance.mean": [-0.2915949821472168], "sfx.inharmonicity.mean": [0.3636466860771179], "lowlevel.spectral_contrast.mean": [[0.688729465007782, 1.039077639579773, 0.6072052717208862, 0.5198221206665039, 0.3269069194793701, 0.2033088207244873]], "lowlevel.spectral_centroid.mean": [0.3350585401058197], "lowlevel.mfcc.mean": [[0.23142528533935547, 0.5779948830604553, 0.7178859114646912, 0.30904197692871094, 0.19155490398406982, 0.14461994171142578, 0.13592487573623657, 0.019631385803222656, 0.21534788608551025, 0.5105376243591309, 0.679785966873169, 0.6763807535171509, 0.5886315703392029]], "sfx.logattacktime.mean": [0.33291542530059814], "lowlevel.hfc.mean": [0.46748414635658264]}