{"lowlevel.dissonance.mean": [0.6510180234909058], "sfx.inharmonicity.mean": [0.34774431586265564], "lowlevel.spectral_contrast.mean": [[0.4827617406845093, 0.40896451473236084, 0.3594391345977783, 0.33575987815856934, 0.3732335567474365, 0.5804297924041748]], "lowlevel.spectral_centroid.mean": [0.4181486964225769], "lowlevel.mfcc.mean": [[0.5674488544464111, 0.42965707182884216, 0.5425587892532349, 0.7881308794021606, 0.5112772583961487, 0.4903658628463745, 0.43701979517936707, 0.45509639382362366, 0.48933398723602295, 0.45705878734588623, 0.5145437121391296, 0.5076212882995605, 0.45544612407684326]], "sfx.logattacktime.mean": [0.11630505323410034], "lowlevel.hfc.mean": [0.4744013845920563]}