{"lowlevel.dissonance.mean": [-0.22593575716018677], "sfx.inharmonicity.mean": [0.23983144760131836], "lowlevel.spectral_contrast.mean": [[0.28315508365631104, 0.20601260662078857, 0.34134531021118164, 0.23950910568237305, 0.1689915657043457, 0.17404937744140625]], "lowlevel.spectral_centroid.mean": [0.8045717477798462], "lowlevel.mfcc.mean": [[0.5349061489105225, 0.5028526782989502, 0.5505657196044922, 0.42857176065444946, 0.48195189237594604, 0.443375825881958, 0.49854421615600586, 0.5100338459014893, 0.6187280416488647, 0.5780032277107239, 0.46945247054100037, 0.23616203665733337, 0.4697120785713196]], "sfx.logattacktime.mean": [0.0747082531452179], "lowlevel.hfc.mean": [0.46791788935661316]}