{"lowlevel.dissonance.mean": [0.2576932907104492], "sfx.inharmonicity.mean": [0.3241233825683594], "lowlevel.spectral_contrast.mean": [[0.31484782695770264, 0.974807620048523, 0.9491288661956787, 0.7357465028762817, 0.5613281726837158, 0.31268811225891113]], "lowlevel.spectral_centroid.mean": [0.3629448711872101], "lowlevel.mfcc.mean": [[0.26773345470428467, 0.39039522409439087, 0.12527915835380554, 0.028435826301574707, 0.4433225989341736, 0.28171151876449585, 0.09332260489463806, 0.3659138083457947, 0.5651292204856873, 0.22844275832176208, 0.2585824728012085, 0.6293277144432068, 0.8035911917686462]], "sfx.logattacktime.mean": [0.4847853481769562], "lowlevel.hfc.mean": [0.46540987491607666]}