{"lowlevel.dissonance.mean": [0.3201786279678345], "sfx.inharmonicity.mean": [0.29461294412612915], "lowlevel.spectral_contrast.mean": [[0.2999149560928345, 0.7725526094436646, 0.8561993837356567, 0.5975399017333984, 0.5114974975585938, 0.3016805648803711]], "lowlevel.spectral_centroid.mean": [0.35961437225341797], "lowlevel.mfcc.mean": [[0.2540079355239868, 0.38196510076522827, 0.17576780915260315, 0.0625576376914978, 0.38536784052848816, 0.263347864151001, 0.11508038640022278, 0.4125455915927887, 0.6790229082107544, 0.3428076505661011, 0.19489556550979614, 0.49842599034309387, 0.7639378309249878]], "sfx.logattacktime.mean": [0.25874799489974976], "lowlevel.hfc.mean": [0.46540626883506775]}