{"lowlevel.dissonance.mean": [0.5392630100250244], "sfx.inharmonicity.mean": [0.5611106157302856], "lowlevel.spectral_contrast.mean": [[0.12334001064300537, 0.2359069585800171, 1.4635285139083862, 1.248140811920166, 1.1742820739746094, 1.0507276058197021]], "lowlevel.spectral_centroid.mean": [0.5192070007324219], "lowlevel.mfcc.mean": [[0.582758903503418, -0.1890771985054016, -0.0795106589794159, 0.15928661823272705, 0.25789082050323486, 0.5422881841659546, 0.7936755418777466, 0.9769287109375, 0.7693841457366943, 0.5227664709091187, -0.22645658254623413, -0.4502239227294922, 0.5612279772758484]], "sfx.logattacktime.mean": [0.5097508430480957], "lowlevel.hfc.mean": [0.5360018014907837]}