{"lowlevel.dissonance.mean": [0.3534727096557617], "sfx.inharmonicity.mean": [0.26434260606765747], "lowlevel.spectral_contrast.mean": [[0.4361923933029175, 0.6564825773239136, 0.4760335683822632, 0.38996219635009766, 0.28551149368286133, 0.21888184547424316]], "lowlevel.spectral_centroid.mean": [0.3489595353603363], "lowlevel.mfcc.mean": [[0.2636219263076782, 0.6719759702682495, 0.8273714780807495, 0.40426206588745117, 0.2629179358482361, 0.15908187627792358, 0.14762639999389648, 0.18398135900497437, 0.4113294184207916, 0.5379334092140198, 0.5790372490882874, 0.5559121370315552, 0.6112155318260193]], "sfx.logattacktime.mean": [0.3533737063407898], "lowlevel.hfc.mean": [0.46620944142341614]}