{"lowlevel.dissonance.mean": [-0.026857197284698486], "sfx.inharmonicity.mean": [0.3335563540458679], "lowlevel.spectral_contrast.mean": [[0.27181875705718994, 1.0031431913375854, 1.1733434200286865, 1.0153758525848389, 0.6843290328979492, 0.5386888980865479]], "lowlevel.spectral_centroid.mean": [0.39412760734558105], "lowlevel.mfcc.mean": [[0.32405638694763184, 0.3402363657951355, 0.17938530445098877, 0.009620487689971924, 0.2593722343444824, 0.15584763884544373, 0.16181617975234985, 0.34393033385276794, 0.5326603055000305, 0.3499925136566162, 0.6269427537918091, 1.2538187503814697, 1.3739013671875]], "sfx.logattacktime.mean": [0.324786514043808], "lowlevel.hfc.mean": [0.47083696722984314]}