{"lowlevel.dissonance.mean": [0.604863166809082], "sfx.inharmonicity.mean": [0.42057499289512634], "lowlevel.spectral_contrast.mean": [[0.41786694526672363, 0.4231574535369873, 0.3542141914367676, 0.35118794441223145, 0.33574557304382324, 0.5173935890197754]], "lowlevel.spectral_centroid.mean": [0.4066157937049866], "lowlevel.mfcc.mean": [[0.5274169445037842, 0.45393434166908264, 0.49203330278396606, 0.6290027499198914, 0.3611276149749756, 0.32037264108657837, 0.2694701850414276, 0.21996811032295227, 0.23555204272270203, 0.2909432053565979, 0.3579576909542084, 0.4101075530052185, 0.3887597322463989]], "sfx.logattacktime.mean": [0.2776172459125519], "lowlevel.hfc.mean": [0.466579794883728]}