{"lowlevel.dissonance.mean": [0.35580623149871826], "sfx.inharmonicity.mean": [0.36691880226135254], "lowlevel.spectral_contrast.mean": [[0.25830936431884766, 1.087973952293396, 1.0589419603347778, 1.2604907751083374, 0.8658318519592285, 0.6149661540985107]], "lowlevel.spectral_centroid.mean": [0.43606793880462646], "lowlevel.mfcc.mean": [[0.38533294200897217, 0.2747522294521332, -0.09383204579353333, 0.2559182047843933, 0.20691964030265808, 0.2879006862640381, 0.3202091455459595, 0.11626634001731873, 0.3593211770057678, 1.094641089439392, 1.342950701713562, 1.034200668334961, 1.292809009552002]], "sfx.logattacktime.mean": [0.35371553897857666], "lowlevel.hfc.mean": [0.47024616599082947]}