{"lowlevel.dissonance.mean": [-0.04776120185852051], "sfx.inharmonicity.mean": [0.44815805554389954], "lowlevel.spectral_contrast.mean": [[0.2634037733078003, 0.17431771755218506, 1.570181131362915, 1.1965945959091187, 0.5341618061065674, 0.4409620761871338]], "lowlevel.spectral_centroid.mean": [0.40744587779045105], "lowlevel.mfcc.mean": [[0.2284764051437378, 0.3041098415851593, 0.08670875430107117, 0.010955989360809326, 0.22586855292320251, 0.26125743985176086, 0.41274532675743103, 0.6057767868041992, 1.2972034215927124, 1.5051261186599731, 1.0255601406097412, 0.33980971574783325, -0.47713279724121094]], "sfx.logattacktime.mean": [0.42268988490104675], "lowlevel.hfc.mean": [0.4728280305862427]}