{"lowlevel.dissonance.mean": [0.06620371341705322], "sfx.inharmonicity.mean": [0.7238384485244751], "lowlevel.spectral_contrast.mean": [[0.15395045280456543, 0.17937612533569336, 1.4791319370269775, 1.330659031867981, 0.9156932830810547, 0.6616108417510986]], "lowlevel.spectral_centroid.mean": [0.4452553987503052], "lowlevel.mfcc.mean": [[0.3538275957107544, 0.18580585718154907, -0.043073028326034546, 0.023459017276763916, 0.3315414786338806, 0.6288341879844666, 0.8049560785293579, 0.9182929396629333, 0.9634355902671814, 0.5447143316268921, -0.36429113149642944, -0.5625942945480347, 0.4099750220775604]], "sfx.logattacktime.mean": [0.5076878666877747], "lowlevel.hfc.mean": [0.4939355254173279]}