{"lowlevel.dissonance.mean": [0.24137365818023682], "sfx.inharmonicity.mean": [0.18501503765583038], "lowlevel.spectral_contrast.mean": [[0.6257756352424622, 0.4862450361251831, 0.26482558250427246, 0.2555196285247803, 0.3206770420074463, 0.24609065055847168]], "lowlevel.spectral_centroid.mean": [0.31009525060653687], "lowlevel.mfcc.mean": [[0.23976624011993408, 0.5876699686050415, 0.7935466170310974, 0.6399821043014526, 0.7778048515319824, 0.7458869814872742, 0.6330699324607849, 0.5426996946334839, 0.5945315361022949, 0.494091272354126, 0.3558567762374878, 0.26283353567123413, 0.27660244703292847]], "sfx.logattacktime.mean": [0.20921388268470764], "lowlevel.hfc.mean": [0.46510744094848633]}