{"lowlevel.dissonance.mean": [-0.4341144561767578], "sfx.inharmonicity.mean": [0.18972201645374298], "lowlevel.spectral_contrast.mean": [[0.12734591960906982, 0.1741265058517456, 0.17324566841125488, 0.17096614837646484, 0.1132962703704834, 0.13176727294921875]], "lowlevel.spectral_centroid.mean": [0.7662317752838135], "lowlevel.mfcc.mean": [[0.3267183303833008, 0.48181188106536865, 0.6638389825820923, 0.5018627643585205, 0.4548615515232086, 0.4535602629184723, 0.5275752544403076, 0.5345925092697144, 0.5445607304573059, 0.5174848437309265, 0.5645864605903625, 0.5450610518455505, 0.5083271265029907]], "sfx.logattacktime.mean": [0.026771843433380127], "lowlevel.hfc.mean": [0.46539226174354553]}