{"lowlevel.dissonance.mean": [-0.28316807746887207], "sfx.inharmonicity.mean": [0.2667197287082672], "lowlevel.spectral_contrast.mean": [[0.6085271835327148, 0.9819408655166626, 0.8213649988174438, 0.46606969833374023, 0.3696014881134033, 0.3500368595123291]], "lowlevel.spectral_centroid.mean": [0.34435388445854187], "lowlevel.mfcc.mean": [[0.24509596824645996, 0.5792264938354492, 0.6680750846862793, 0.22875681519508362, 0.031095504760742188, -0.010788530111312866, 0.14848262071609497, 0.21264010667800903, 0.470237135887146, 0.48250874876976013, 0.2834506630897522, 0.16984951496124268, 0.232706218957901]], "sfx.logattacktime.mean": [0.30862918496131897], "lowlevel.hfc.mean": [0.4658418893814087]}