{"lowlevel.dissonance.mean": [0.27894413471221924], "sfx.inharmonicity.mean": [0.319984495639801], "lowlevel.spectral_contrast.mean": [[0.3406221866607666, 0.7739897966384888, 0.9179203510284424, 0.5973751544952393, 0.5443558692932129, 0.2887437343597412]], "lowlevel.spectral_centroid.mean": [0.3654669225215912], "lowlevel.mfcc.mean": [[0.23053348064422607, 0.39185094833374023, 0.209671288728714, 0.030808717012405396, 0.40842205286026, 0.2908492088317871, 0.24929672479629517, 0.47816526889801025, 0.6178920269012451, 0.2725984454154968, 0.206385999917984, 0.6038127541542053, 0.8273335695266724]], "sfx.logattacktime.mean": [0.483243465423584], "lowlevel.hfc.mean": [0.46532389521598816]}