{"lowlevel.dissonance.mean": [0.17395663261413574], "sfx.inharmonicity.mean": [0.4183734357357025], "lowlevel.spectral_contrast.mean": [[0.20527231693267822, 1.181006908416748, 1.1068952083587646, 1.270527958869934, 0.8128354549407959, 0.4791295528411865]], "lowlevel.spectral_centroid.mean": [0.40380287170410156], "lowlevel.mfcc.mean": [[0.3419991731643677, 0.4132586121559143, 0.018038630485534668, -0.035623401403427124, 0.18482288718223572, 0.21658523380756378, 0.38731783628463745, 0.17957738041877747, -0.018651306629180908, 0.29070529341697693, 0.9192069172859192, 0.9240212440490723, 1.3309696912765503]], "sfx.logattacktime.mean": [0.2773403823375702], "lowlevel.hfc.mean": [0.4672127664089203]}