{"lowlevel.dissonance.mean": [0.6285793781280518], "sfx.inharmonicity.mean": [0.6475538015365601], "lowlevel.spectral_contrast.mean": [[0.12937700748443604, 1.1024072170257568, 1.2399053573608398, 1.309041142463684, 1.3595069646835327, 1.0950138568878174]], "lowlevel.spectral_centroid.mean": [0.5950146913528442], "lowlevel.mfcc.mean": [[0.750016450881958, -0.1595618724822998, -0.2341480553150177, 0.1489698588848114, 0.053267210721969604, 0.14464443922042847, 0.33068543672561646, 0.2745124101638794, 0.029923677444458008, 0.36790230870246887, 0.8541631698608398, 1.017595648765564, 1.2346711158752441]], "sfx.logattacktime.mean": [0.5311521291732788], "lowlevel.hfc.mean": [0.5182662010192871]}