{"lowlevel.dissonance.mean": [0.2751424312591553], "sfx.inharmonicity.mean": [0.3222876191139221], "lowlevel.spectral_contrast.mean": [[0.3249189853668213, 0.7906273603439331, 0.9667230844497681, 0.6615338325500488, 0.5535147190093994, 0.30945658683776855]], "lowlevel.spectral_centroid.mean": [0.36431580781936646], "lowlevel.mfcc.mean": [[0.25094151496887207, 0.37866926193237305, 0.14693164825439453, 0.05124124884605408, 0.4215576648712158, 0.24865396320819855, 0.1593581736087799, 0.49377837777137756, 0.8147400617599487, 0.44355443120002747, 0.1865215003490448, 0.3942555785179138, 0.6288399696350098]], "sfx.logattacktime.mean": [0.3493064045906067], "lowlevel.hfc.mean": [0.46544593572616577]}