{"lowlevel.dissonance.mean": [0.7246465682983398], "sfx.inharmonicity.mean": [0.9819234609603882], "lowlevel.spectral_contrast.mean": [[0.6295436024665833, 0.4934806823730469, 0.5104931592941284, 0.5653743743896484, 0.6041824817657471, 0.6783740520477295]], "lowlevel.spectral_centroid.mean": [0.6023025512695312], "lowlevel.mfcc.mean": [[0.6533348560333252, 0.18520629405975342, 0.15651708841323853, 0.5430655479431152, 0.42585083842277527, 0.6607910394668579, 0.559673547744751, 0.4530569911003113, 0.19407576322555542, 0.6353350281715393, 0.6281400322914124, 0.40219345688819885, 0.35793620347976685]], "sfx.logattacktime.mean": [0.2645256817340851], "lowlevel.hfc.mean": [0.4707740247249603]}