{"lowlevel.dissonance.mean": [-0.314078152179718], "sfx.inharmonicity.mean": [0.6004450917243958], "lowlevel.spectral_contrast.mean": [[0.2534298896789551, 1.1066303253173828, 1.3171393871307373, 0.8168637752532959, 0.5754568576812744, 0.4921243190765381]], "lowlevel.spectral_centroid.mean": [0.3755120635032654], "lowlevel.mfcc.mean": [[0.34744811058044434, 0.5285351276397705, 0.3159548044204712, -0.1164696216583252, -0.171611487865448, -0.053546786308288574, 0.3593754768371582, 0.34271931648254395, 0.46995773911476135, 0.2481493353843689, 0.08462682366371155, 0.5854768753051758, 0.40277475118637085]], "sfx.logattacktime.mean": [0.325798898935318], "lowlevel.hfc.mean": [0.47081875801086426]}