{"lowlevel.dissonance.mean": [-0.4927244484424591], "sfx.inharmonicity.mean": [0.3612491488456726], "lowlevel.spectral_contrast.mean": [[1.0063422918319702, 1.2863752841949463, 0.16587066650390625, 0.17224359512329102, 0.2025742530822754, 0.2610445022583008]], "lowlevel.spectral_centroid.mean": [0.4945279061794281], "lowlevel.mfcc.mean": [[0.20009732246398926, 0.5524860620498657, 0.8658762574195862, 0.679102897644043, 0.5648608803749084, 0.2974344491958618, 0.05755099654197693, -0.20746886730194092, -0.3250519633293152, -0.4206697940826416, -0.3088149428367615, -0.12727028131484985, 0.20104190707206726]], "sfx.logattacktime.mean": [0.2012774646282196], "lowlevel.hfc.mean": [0.47704994678497314]}