{"lowlevel.dissonance.mean": [-0.14983206987380981], "sfx.inharmonicity.mean": [0.18593594431877136], "lowlevel.spectral_contrast.mean": [[0.19273591041564941, 0.33915555477142334, 0.18137574195861816, 0.2794346809387207, 0.14582538604736328, 0.1334214210510254]], "lowlevel.spectral_centroid.mean": [0.7797828316688538], "lowlevel.mfcc.mean": [[0.3091686964035034, 0.5248500108718872, 0.604640007019043, 0.3808888792991638, 0.38032886385917664, 0.41172346472740173, 0.4777697026729584, 0.4011768400669098, 0.30577248334884644, 0.3210712671279907, 0.5179736614227295, 0.6044995784759521, 0.6402406692504883]], "sfx.logattacktime.mean": [0.08880570530891418], "lowlevel.hfc.mean": [0.4652186334133148]}