{"lowlevel.dissonance.mean": [0.18451035022735596], "sfx.inharmonicity.mean": [0.5823231935501099], "lowlevel.spectral_contrast.mean": [[0.1918104887008667, 0.14356887340545654, 1.2951242923736572, 1.3841054439544678, 1.1542210578918457, 0.42726588249206543]], "lowlevel.spectral_centroid.mean": [0.4429668188095093], "lowlevel.mfcc.mean": [[0.23932576179504395, 0.19694873690605164, 0.03148016333580017, 0.12343069911003113, 0.5779240131378174, 0.742855966091156, 0.9023258686065674, 0.8797479867935181, 0.2772403359413147, -0.3877100944519043, 0.11571332812309265, 1.5593661069869995, 1.8037604093551636]], "sfx.logattacktime.mean": [0.44272708892822266], "lowlevel.hfc.mean": [0.49961161613464355]}