{"lowlevel.dissonance.mean": [-0.13895249366760254], "sfx.inharmonicity.mean": [0.3219078779220581], "lowlevel.spectral_contrast.mean": [[0.1333390474319458, 0.1080312728881836, 0.1896359920501709, 0.19686293601989746, 0.23308897018432617, 0.2265925407409668]], "lowlevel.spectral_centroid.mean": [0.8419288396835327], "lowlevel.mfcc.mean": [[0.28411364555358887, 0.32282185554504395, 0.5338649153709412, 0.3829682469367981, 0.4698507487773895, 0.3742380142211914, 0.4007189869880676, 0.6157701015472412, 0.5178731083869934, 0.6195955276489258, 0.49973490834236145, 0.4943351745605469, 0.34754619002342224]], "sfx.logattacktime.mean": [-0.09235680103302002], "lowlevel.hfc.mean": [0.46529707312583923]}