{"lowlevel.dissonance.mean": [0.6157126426696777], "sfx.inharmonicity.mean": [0.41123151779174805], "lowlevel.spectral_contrast.mean": [[0.3921065330505371, 0.3593482971191406, 0.30500316619873047, 0.2842550277709961, 0.283536434173584, 0.43120646476745605]], "lowlevel.spectral_centroid.mean": [0.44130051136016846], "lowlevel.mfcc.mean": [[0.3388744592666626, 0.29615598917007446, 0.5011863708496094, 0.5413659811019897, 0.4815772771835327, 0.4815446436405182, 0.4054441452026367, 0.32574641704559326, 0.3242592513561249, 0.2946434020996094, 0.28658562898635864, 0.23570983111858368, 0.30418652296066284]], "sfx.logattacktime.mean": [0.09861594438552856], "lowlevel.hfc.mean": [0.469655305147171]}