{"lowlevel.dissonance.mean": [-0.35841912031173706], "sfx.inharmonicity.mean": [0.4000736176967621], "lowlevel.spectral_contrast.mean": [[0.6389639377593994, 0.9860961437225342, 0.7158819437026978, 0.43329524993896484, 0.35579419136047363, 0.3544576168060303]], "lowlevel.spectral_centroid.mean": [0.36043936014175415], "lowlevel.mfcc.mean": [[0.28186237812042236, 0.6273055076599121, 0.6967020034790039, 0.33216097950935364, 0.14398717880249023, 0.05300384759902954, 0.1550251841545105, 0.08612537384033203, 0.275252103805542, 0.1991376280784607, 0.09932345151901245, 0.30439484119415283, 0.521902859210968]], "sfx.logattacktime.mean": [0.3162016272544861], "lowlevel.hfc.mean": [0.46855220198631287]}