{"lowlevel.dissonance.mean": [0.3036017417907715], "sfx.inharmonicity.mean": [0.44219815731048584], "lowlevel.spectral_contrast.mean": [[0.522808313369751, 0.5052571296691895, 0.6386144161224365, 0.4221189022064209, 0.3375427722930908, 0.19339418411254883]], "lowlevel.spectral_centroid.mean": [0.3391585946083069], "lowlevel.mfcc.mean": [[0.2688624858856201, 0.6717979907989502, 0.7878252267837524, 0.3307384252548218, 0.22718065977096558, 0.21897360682487488, 0.2735207676887512, 0.2729102373123169, 0.450229287147522, 0.5586780905723572, 0.4883296489715576, 0.2915072441101074, 0.32892313599586487]], "sfx.logattacktime.mean": [0.34063929319381714], "lowlevel.hfc.mean": [0.4660385251045227]}