{"lowlevel.dissonance.mean": [-0.04528087377548218], "sfx.inharmonicity.mean": [0.3881550431251526], "lowlevel.spectral_contrast.mean": [[0.2871943712234497, 0.854401707649231, 1.010098934173584, 0.5673770904541016, 0.37482237815856934, 0.3839840888977051]], "lowlevel.spectral_centroid.mean": [0.36839842796325684], "lowlevel.mfcc.mean": [[0.2528756856918335, 0.5048294067382812, 0.4409416913986206, 0.006940186023712158, 0.008806884288787842, 0.10840946435928345, 0.40529948472976685, 0.4453311264514923, 0.5954210758209229, 0.4156872630119324, 0.2800644040107727, 0.5193144083023071, 0.5016733407974243]], "sfx.logattacktime.mean": [0.32755717635154724], "lowlevel.hfc.mean": [0.46720507740974426]}