{"lowlevel.dissonance.mean": [0.664879322052002], "sfx.inharmonicity.mean": [1.0932059288024902], "lowlevel.spectral_contrast.mean": [[0.5725412368774414, 0.5152308940887451, 0.6544027328491211, 0.666387677192688, 0.7645683288574219, 1.1052794456481934]], "lowlevel.spectral_centroid.mean": [0.5793241262435913], "lowlevel.mfcc.mean": [[0.6712501049041748, 0.33636653423309326, -0.20809027552604675, 0.5480172038078308, 0.2373829185962677, 0.5688235759735107, 0.7192558646202087, 0.7887357473373413, 0.5576085448265076, 0.8622274398803711, 0.7823407649993896, 0.48800671100616455, 0.5686662793159485]], "sfx.logattacktime.mean": [0.2520379424095154], "lowlevel.hfc.mean": [0.4849761128425598]}