{"lowlevel.dissonance.mean": [-0.11319857835769653], "sfx.inharmonicity.mean": [0.19214262068271637], "lowlevel.spectral_contrast.mean": [[0.09594523906707764, 0.19047880172729492, 0.30724477767944336, 0.15555715560913086, 0.1504042148590088, 0.17090821266174316]], "lowlevel.spectral_centroid.mean": [0.8619943857192993], "lowlevel.mfcc.mean": [[0.4059690237045288, 0.38232702016830444, 0.4707561731338501, 0.4508042335510254, 0.5293751358985901, 0.3825211822986603, 0.43034887313842773, 0.5660261511802673, 0.6673246622085571, 0.7166465520858765, 0.5582142472267151, 0.3258135914802551, 0.4153928756713867]], "sfx.logattacktime.mean": [0.044200003147125244], "lowlevel.hfc.mean": [0.46566182374954224]}