{"lowlevel.dissonance.mean": [0.5846431255340576], "sfx.inharmonicity.mean": [1.5659611225128174], "lowlevel.spectral_contrast.mean": [[0.12297999858856201, 0.368114709854126, 1.3961145877838135, 1.4676499366760254, 1.246703863143921, 1.051196575164795]], "lowlevel.spectral_centroid.mean": [0.5449855327606201], "lowlevel.mfcc.mean": [[0.6712672710418701, -0.21417739987373352, -0.1477183997631073, 0.18192200362682343, -0.053258419036865234, 0.23380045592784882, 0.40685921907424927, 0.6491923928260803, 1.0097452402114868, 1.2865488529205322, 1.1588696241378784, 0.6164292693138123, -0.34707701206207275]], "sfx.logattacktime.mean": [0.4865528643131256], "lowlevel.hfc.mean": [0.527245044708252]}