{"lowlevel.dissonance.mean": [0.1320805549621582], "sfx.inharmonicity.mean": [0.3226918578147888], "lowlevel.spectral_contrast.mean": [[0.08307874202728271, 0.17106223106384277, 0.08289265632629395, 0.0644979476928711, 0.05756568908691406, 0.18095064163208008]], "lowlevel.spectral_centroid.mean": [0.8839429616928101], "lowlevel.mfcc.mean": [[0.35500383377075195, 0.322104275226593, 0.5088230967521667, 0.4538138210773468, 0.5486084222793579, 0.5394678115844727, 0.5426725149154663, 0.424260675907135, 0.4209117591381073, 0.3444451689720154, 0.397053599357605, 0.391268253326416, 0.41669055819511414]], "sfx.logattacktime.mean": [0.13615792989730835], "lowlevel.hfc.mean": [0.46602270007133484]}