{"lowlevel.dissonance.mean": [0.5949355363845825], "sfx.inharmonicity.mean": [0.7469080686569214], "lowlevel.spectral_contrast.mean": [[0.1548147201538086, 0.9860879182815552, 1.1141139268875122, 1.180738925933838, 1.0727057456970215, 0.888120174407959]], "lowlevel.spectral_centroid.mean": [0.5475258827209473], "lowlevel.mfcc.mean": [[0.6105493307113647, -0.07833155989646912, -0.19849589467048645, 0.2743402123451233, 0.09452500939369202, 0.13207614421844482, 0.15384569764137268, 0.39624130725860596, 0.40286755561828613, 0.617607057094574, 0.9785508513450623, 1.2464418411254883, 1.2388432025909424]], "sfx.logattacktime.mean": [0.525078296661377], "lowlevel.hfc.mean": [0.49552300572395325]}