{"lowlevel.dissonance.mean": [-0.24346321821212769], "sfx.inharmonicity.mean": [0.1855725198984146], "lowlevel.spectral_contrast.mean": [[0.1534740924835205, 0.2730700969696045, 0.20654892921447754, 0.27546024322509766, 0.1413426399230957, 0.13793611526489258]], "lowlevel.spectral_centroid.mean": [0.7803547382354736], "lowlevel.mfcc.mean": [[0.3054769039154053, 0.5023800730705261, 0.5966069102287292, 0.3853772282600403, 0.4150540828704834, 0.4508381485939026, 0.48112744092941284, 0.3954063951969147, 0.3619914948940277, 0.413082480430603, 0.5558321475982666, 0.5712258219718933, 0.5274971723556519]], "sfx.logattacktime.mean": [0.07175707817077637], "lowlevel.hfc.mean": [0.4651922285556793]}