{"lowlevel.dissonance.mean": [-0.3049378991127014], "sfx.inharmonicity.mean": [0.2342025339603424], "lowlevel.spectral_contrast.mean": [[0.5046367645263672, 0.7835460901260376, 0.6125142574310303, 0.3416111469268799, 0.317533016204834, 0.2332773208618164]], "lowlevel.spectral_centroid.mean": [0.3408966362476349], "lowlevel.mfcc.mean": [[0.21137893199920654, 0.5429884791374207, 0.7337979078292847, 0.3772200644016266, 0.2134247124195099, 0.07541057467460632, 0.09765595197677612, 0.11020457744598389, 0.3036314845085144, 0.45400774478912354, 0.49052906036376953, 0.49629390239715576, 0.6525983810424805]], "sfx.logattacktime.mean": [0.2961721122264862], "lowlevel.hfc.mean": [0.465750515460968]}