{"lowlevel.dissonance.mean": [0.7027372121810913], "sfx.inharmonicity.mean": [0.8788377046585083], "lowlevel.spectral_contrast.mean": [[0.2757236957550049, 0.20525991916656494, 0.37529516220092773, 1.6948738098144531, 1.5511560440063477, 0.9903936386108398]], "lowlevel.spectral_centroid.mean": [0.5795104503631592], "lowlevel.mfcc.mean": [[0.28041601181030273, -0.05146248638629913, 0.1570720672607422, 0.5134491324424744, 0.7030865550041199, 0.7749633193016052, 0.5792434215545654, -0.27454298734664917, 0.46189484000205994, 1.7198277711868286, 0.7926647663116455, -1.2822214365005493, 0.8228672742843628]], "sfx.logattacktime.mean": [0.4121776223182678], "lowlevel.hfc.mean": [0.5059608221054077]}