{"lowlevel.dissonance.mean": [0.6747283935546875], "sfx.inharmonicity.mean": [0.47281086444854736], "lowlevel.spectral_contrast.mean": [[0.431180477142334, 0.28998124599456787, 0.4395850896835327, 0.3678286075592041, 0.26202917098999023, 0.2838435173034668]], "lowlevel.spectral_centroid.mean": [0.34032151103019714], "lowlevel.mfcc.mean": [[0.2909226417541504, 0.6730684041976929, 0.7065598964691162, 0.29774072766304016, 0.2510782778263092, 0.2620406150817871, 0.3258909583091736, 0.2754800319671631, 0.46995657682418823, 0.5595904588699341, 0.5120629668235779, 0.47395703196525574, 0.46005648374557495]], "sfx.logattacktime.mean": [0.33923083543777466], "lowlevel.hfc.mean": [0.4657364785671234]}