{"lowlevel.dissonance.mean": [-0.09713786840438843], "sfx.inharmonicity.mean": [0.8279893398284912], "lowlevel.spectral_contrast.mean": [[0.02995467185974121, 0.2782015800476074, 0.2057325839996338, 0.23101258277893066, 0.20560908317565918, 0.1493523120880127]], "lowlevel.spectral_centroid.mean": [0.8354804515838623], "lowlevel.mfcc.mean": [[0.4178975820541382, 0.4564487040042877, 0.4637793004512787, 0.33289870619773865, 0.5736413598060608, 0.4557437002658844, 0.5593873858451843, 0.5089563727378845, 0.556039571762085, 0.5036529302597046, 0.26993393898010254, 0.3849000334739685, 0.5802376866340637]], "sfx.logattacktime.mean": [0.09836345911026001], "lowlevel.hfc.mean": [0.4653649926185608]}