{"lowlevel.dissonance.mean": [0.1596907377243042], "sfx.inharmonicity.mean": [0.302735835313797], "lowlevel.spectral_contrast.mean": [[0.3406636714935303, 1.0866949558258057, 1.1776845455169678, 0.9222368001937866, 0.6570110321044922, 0.33731579780578613]], "lowlevel.spectral_centroid.mean": [0.37613052129745483], "lowlevel.mfcc.mean": [[0.28649604320526123, 0.4459492862224579, 0.06903758645057678, -0.0805990993976593, 0.5127421021461487, 0.2382231503725052, -0.01429206132888794, 0.33243608474731445, 0.6481067538261414, 0.43016231060028076, 0.27723318338394165, 0.2883472144603729, 0.5625396370887756]], "sfx.logattacktime.mean": [0.26967737078666687], "lowlevel.hfc.mean": [0.46545425057411194]}