{"lowlevel.dissonance.mean": [0.2186821699142456], "sfx.inharmonicity.mean": [0.40478700399398804], "lowlevel.spectral_contrast.mean": [[0.26807546615600586, 1.0716543197631836, 1.0425664186477661, 0.9908478260040283, 0.7485547065734863, 0.36626458168029785]], "lowlevel.spectral_centroid.mean": [0.3807699978351593], "lowlevel.mfcc.mean": [[0.30039525032043457, 0.48757579922676086, 0.14095383882522583, -0.15544646978378296, 0.15880316495895386, 0.1519642472267151, 0.18254992365837097, 0.20699486136436462, 0.3777269721031189, 0.45961153507232666, 0.6379355788230896, 0.9184791445732117, 1.221613883972168]], "sfx.logattacktime.mean": [0.5562039017677307], "lowlevel.hfc.mean": [0.46680715680122375]}