{"lowlevel.dissonance.mean": [-0.19786769151687622], "sfx.inharmonicity.mean": [0.3224720358848572], "lowlevel.spectral_contrast.mean": [[0.5365467071533203, 1.0546413660049438, 0.8085145950317383, 0.46280860900878906, 0.26653051376342773, 0.19011592864990234]], "lowlevel.spectral_centroid.mean": [0.34654149413108826], "lowlevel.mfcc.mean": [[0.24518775939941406, 0.5792480707168579, 0.6200341582298279, 0.11806172132492065, -0.01243603229522705, -0.06873953342437744, 0.042978495359420776, 0.12200981378555298, 0.26620402932167053, 0.3468952476978302, 0.4218522012233734, 0.44189202785491943, 0.5423855185508728]], "sfx.logattacktime.mean": [0.3024488091468811], "lowlevel.hfc.mean": [0.4691713750362396]}