{"lowlevel.dissonance.mean": [0.27014076709747314], "sfx.inharmonicity.mean": [0.319111704826355], "lowlevel.spectral_contrast.mean": [[0.36549878120422363, 0.8083169460296631, 0.922633171081543, 0.70189368724823, 0.5629062652587891, 0.29781293869018555]], "lowlevel.spectral_centroid.mean": [0.3645862638950348], "lowlevel.mfcc.mean": [[0.23533737659454346, 0.3727065324783325, 0.1740732491016388, 0.05239197611808777, 0.4859668016433716, 0.30368074774742126, 0.11088284850120544, 0.42929723858833313, 0.7823888659477234, 0.4951689839363098, 0.2543063163757324, 0.37817180156707764, 0.5857229232788086]], "sfx.logattacktime.mean": [0.27801138162612915], "lowlevel.hfc.mean": [0.4655660390853882]}