{"lowlevel.dissonance.mean": [0.292372465133667], "sfx.inharmonicity.mean": [0.34349313378334045], "lowlevel.spectral_contrast.mean": [[0.5107115507125854, 1.2822058200836182, 1.124314785003662, 1.1964102983474731, 0.9593255519866943, 0.5835764408111572]], "lowlevel.spectral_centroid.mean": [0.35911107063293457], "lowlevel.mfcc.mean": [[0.5669354200363159, 0.37357014417648315, 0.09735843539237976, 0.5359292030334473, 0.3696342706680298, 0.12137702107429504, 0.22562721371650696, 0.24118511378765106, 0.04583537578582764, 0.5905978083610535, 0.6702154874801636, 0.8556725978851318, 1.3739781379699707]], "sfx.logattacktime.mean": [0.5477518439292908], "lowlevel.hfc.mean": [0.4829602837562561]}