{"lowlevel.dissonance.mean": [0.642654299736023], "sfx.inharmonicity.mean": [0.5996802449226379], "lowlevel.spectral_contrast.mean": [[0.16042959690093994, 0.33264005184173584, 1.127089500427246, 1.209443211555481, 1.2852691411972046, 0.9835638999938965]], "lowlevel.spectral_centroid.mean": [0.5859552025794983], "lowlevel.mfcc.mean": [[0.603032112121582, -0.2335750162601471, -0.093951016664505, 0.21627464890480042, 0.12253692746162415, 0.3753175139427185, 0.45074722170829773, 0.747265636920929, 0.8496271371841431, 1.204850673675537, 1.073284387588501, -0.03621000051498413, -0.4968860149383545]], "sfx.logattacktime.mean": [0.42956849932670593], "lowlevel.hfc.mean": [0.506923496723175]}