{"lowlevel.dissonance.mean": [0.6589194536209106], "sfx.inharmonicity.mean": [0.92913818359375], "lowlevel.spectral_contrast.mean": [[0.5712151527404785, 0.4294701814651489, 0.41950011253356934, 0.4646286964416504, 0.47821497917175293, 0.5247275829315186]], "lowlevel.spectral_centroid.mean": [0.4876779317855835], "lowlevel.mfcc.mean": [[0.8259991407394409, 0.40414267778396606, 0.3235760033130646, 0.4491572082042694, 0.4473329782485962, 0.5104997158050537, 0.4132422208786011, 0.42623093724250793, 0.2711256444454193, 0.2694661617279053, 0.19701653718948364, 0.2884228825569153, 0.23659580945968628]], "sfx.logattacktime.mean": [0.1351270079612732], "lowlevel.hfc.mean": [0.4899943768978119]}