{"lowlevel.dissonance.mean": [0.6247053146362305], "sfx.inharmonicity.mean": [0.5818716883659363], "lowlevel.spectral_contrast.mean": [[0.5553889274597168, 0.30993783473968506, 0.26685190200805664, 0.2522289752960205, 0.2699573040008545, 0.3096332550048828]], "lowlevel.spectral_centroid.mean": [0.5404020547866821], "lowlevel.mfcc.mean": [[0.2870062589645386, 0.2055208534002304, 0.4816306531429291, 0.42938148975372314, 0.4711904227733612, 0.3930496275424957, 0.33210039138793945, 0.25380003452301025, 0.28379833698272705, 0.24530638754367828, 0.3163973093032837, 0.2578655183315277, 0.23113718628883362]], "sfx.logattacktime.mean": [0.2012774646282196], "lowlevel.hfc.mean": [0.47023776173591614]}