{"lowlevel.dissonance.mean": [0.6166714429855347], "sfx.inharmonicity.mean": [0.621132493019104], "lowlevel.spectral_contrast.mean": [[0.14636445045471191, 1.1586062908172607, 1.3033992052078247, 1.3169909715652466, 1.3552933931350708, 1.1249115467071533]], "lowlevel.spectral_centroid.mean": [0.6035149097442627], "lowlevel.mfcc.mean": [[0.750566840171814, -0.17632010579109192, -0.17501959204673767, 0.14665992558002472, -0.02369523048400879, 0.06791692972183228, 0.18962889909744263, 0.24413330852985382, 0.345659077167511, 0.651729941368103, 0.7392045259475708, 1.108605146408081, 1.5117017030715942]], "sfx.logattacktime.mean": [0.5858607292175293], "lowlevel.hfc.mean": [0.5233906507492065]}