{"lowlevel.dissonance.mean": [-0.04452824592590332], "sfx.inharmonicity.mean": [0.2160484343767166], "lowlevel.spectral_contrast.mean": [[0.05781686305999756, 0.15612757205963135, 0.16254663467407227, 0.06403517723083496, 0.1061553955078125, 0.20461153984069824]], "lowlevel.spectral_centroid.mean": [0.8058137893676758], "lowlevel.mfcc.mean": [[0.3228996992111206, 0.3857741057872772, 0.5621998906135559, 0.5348749756813049, 0.621221661567688, 0.5427318811416626, 0.5310806632041931, 0.49614807963371277, 0.4969790577888489, 0.5682699680328369, 0.4973759353160858, 0.37413814663887024, 0.612043023109436]], "sfx.logattacktime.mean": [-0.053813934326171875], "lowlevel.hfc.mean": [0.46547549962997437]}