{"lowlevel.dissonance.mean": [-0.11919695138931274], "sfx.inharmonicity.mean": [0.3519817888736725], "lowlevel.spectral_contrast.mean": [[0.49830639362335205, 0.8015735149383545, 0.7498970031738281, 0.5524399280548096, 0.40113019943237305, 0.2733595371246338]], "lowlevel.spectral_centroid.mean": [0.34784045815467834], "lowlevel.mfcc.mean": [[0.33372342586517334, 0.7063941955566406, 0.5980597734451294, 0.14662566781044006, 0.10166573524475098, 0.05994221568107605, 0.21125885844230652, 0.34891200065612793, 0.5894178748130798, 0.5539621114730835, 0.4340304434299469, 0.6229629516601562, 0.7850735187530518]], "sfx.logattacktime.mean": [0.33513936400413513], "lowlevel.hfc.mean": [0.46836644411087036]}