{"lowlevel.dissonance.mean": [-0.3512684106826782], "sfx.inharmonicity.mean": [0.38266265392303467], "lowlevel.spectral_contrast.mean": [[0.8049039244651794, 1.1331887245178223, 0.7200309038162231, 0.6720606088638306, 0.3462357521057129, 0.29718947410583496]], "lowlevel.spectral_centroid.mean": [0.3445218801498413], "lowlevel.mfcc.mean": [[0.2928435802459717, 0.6264914870262146, 0.5620430707931519, 0.11259627342224121, 0.041739463806152344, -0.023698419332504272, -0.038307368755340576, -0.20466166734695435, 0.041238099336624146, 0.39240020513534546, 0.47366854548454285, 0.5054400563240051, 0.4581393301486969]], "sfx.logattacktime.mean": [0.33950167894363403], "lowlevel.hfc.mean": [0.4721391499042511]}