{"lowlevel.dissonance.mean": [0.4885373115539551], "sfx.inharmonicity.mean": [1.3445796966552734], "lowlevel.spectral_contrast.mean": [[0.19679832458496094, 0.19144892692565918, 0.23154497146606445, 1.4195501804351807, 1.1399503946304321, 0.7158524990081787]], "lowlevel.spectral_centroid.mean": [0.4820595979690552], "lowlevel.mfcc.mean": [[0.24230003356933594, 0.07803018391132355, 0.13129079341888428, 0.3173699676990509, 0.5507756471633911, 0.7589388489723206, 0.865301251411438, 0.6423172354698181, -0.2728307843208313, -0.15356451272964478, 1.2886765003204346, 1.7699379920959473, 0.23369604349136353]], "sfx.logattacktime.mean": [0.5393484234809875], "lowlevel.hfc.mean": [0.4798007607460022]}