{"lowlevel.dissonance.mean": [0.6230329275131226], "sfx.inharmonicity.mean": [0.6063985824584961], "lowlevel.spectral_contrast.mean": [[0.13172924518585205, 1.247668981552124, 0.5689611434936523, 1.283220887184143, 1.139278531074524, 0.9407351016998291]], "lowlevel.spectral_centroid.mean": [0.5423668622970581], "lowlevel.mfcc.mean": [[0.6366647481918335, -0.1290512979030609, -0.1714794933795929, 0.17450353503227234, 0.02503463625907898, 0.2193356454372406, 0.3029518723487854, 0.5747554302215576, 0.6152811050415039, 0.8813541531562805, 1.3177341222763062, 1.2049574851989746, 0.4382328391075134]], "sfx.logattacktime.mean": [0.4518868327140808], "lowlevel.hfc.mean": [0.4962921142578125]}