{"lowlevel.dissonance.mean": [0.5656321048736572], "sfx.inharmonicity.mean": [0.6634323596954346], "lowlevel.spectral_contrast.mean": [[0.11238157749176025, 0.24748969078063965, 1.2987761497497559, 1.1097956895828247, 1.0009033679962158, 0.6432151794433594]], "lowlevel.spectral_centroid.mean": [0.4592409133911133], "lowlevel.mfcc.mean": [[0.41459107398986816, 0.11005179584026337, -0.2288571298122406, 0.25758349895477295, 0.03955650329589844, 0.5261959433555603, 0.6499360203742981, 0.9947937726974487, 1.1025569438934326, 0.7800735831260681, -0.19287019968032837, -0.6444661617279053, 0.16715914011001587]], "sfx.logattacktime.mean": [0.3937198519706726], "lowlevel.hfc.mean": [0.48258352279663086]}